image_key,occurrence_count,rohm_player_ids,rohm_names,rohm_categories,current_player_ids,formation_slots,candidate_ids,source_image_url
img78,62,1346,グレイシー,PS,1321,2:3 2:4 3:3 5:3 10:4 13:3 14:4 23:3 26:2 26:4 27:3 28:2 28:3 32:3 34:3 36:3 37:3 38:3 39:4 43:2 43:3 46:4 47:3 48:3 48:4 50:4 51:2 53:3 53:4 54:3 55:4 55:6 57:2 57:3 61:3 61:5 64:5 65:4 66:4 67:3 68:3 68:4 69:2 69:3 69:4 70:3 71:3 71:4 72:4 76:3 77:4 78:4 80:3 84:3 86:3 87:4 90:4 91:3 92:2 100:3 109:4 116:3,512 729 1321 1906 2298 2536 3103 874,https://storage.googleapis.com/rohm-websoccer-info/images/player/static/m/1460.gif
img79,62,2019,グレイシー,PS,1321,2:3 2:4 3:3 5:3 10:4 13:3 14:4 23:3 26:2 26:4 27:3 28:2 28:3 32:3 34:3 36:3 37:3 38:3 39:4 43:2 43:3 46:4 47:3 48:3 48:4 50:4 51:2 53:3 53:4 54:3 55:4 55:6 57:2 57:3 61:3 61:5 64:5 65:4 66:4 67:3 68:3 68:4 69:2 69:3 69:4 70:3 71:3 71:4 72:4 76:3 77:4 78:4 80:3 84:3 86:3 87:4 90:4 91:3 92:2 100:3 109:4 116:3,512 729 1321 1906 2298 2536 3103 874,https://storage.googleapis.com/rohm-websoccer-info/images/player/static/m/2092.gif
img80,60,1344,カンパリ,PS,1574,2:3 3:3 3:4 6:3 8:3 10:3 14:4 21:7 26:3 28:3 32:3 32:4 33:3 35:3 36:3 36:4 37:4 38:3 43:3 45:4 46:3 47:3 47:4 48:4 50:2 50:3 50:4 51:4 52:3 53:4 54:4 55:3 55:4 55:6 58:3 59:3 61:4 65:4 66:4 69:3 70:3 72:3 72:4 73:4 78:3 78:4 80:4 85:4 87:3 90:4 92:3 100:4 102:3 102:4 103:3 105:2 106:4 109:3 109:4 112:3,639 762 1574 1848 2732 2885,https://storage.googleapis.com/rohm-websoccer-info/images/player/static/m/1438.gif
img51,60,928,レイ,PS,1693,1:9 1:11 2:10 2:11 3:9 3:10 12:10 13:10 13:11 14:10 21:11 26:10 26:11 27:10 27:11 28:9 28:11 32:10 32:11 35:10 35:11 36:11 37:11 43:10 45:10 47:9 47:11 48:11 50:10 51:10 53:11 55:9 55:10 56:11 57:9 61:9 65:10 69:9 69:10 69:11 70:10 72:9 73:10 76:11 78:11 81:11 86:11 87:8 87:10 87:11 89:11 90:10 100:10 103:11 104:10 104:11 105:11 109:9 109:11 112:10,1693,https://storage.googleapis.com/rohm-websoccer-info/images/player/static/m/1026.gif
img71,56,1236,カンパリ,PS,1574,2:2 2:3 3:3 3:4 6:3 8:3 10:3 14:4 15:3 20:3 21:7 26:3 28:3 32:3 32:4 33:3 35:3 36:3 36:4 37:4 38:3 38:4 43:3 45:4 46:3 47:3 47:4 48:4 50:3 50:4 51:4 52:3 53:4 54:4 55:4 55:6 58:3 60:4 61:4 65:3 65:4 66:4 69:3 70:3 71:4 72:3 72:4 73:4 77:3 78:4 80:4 87:3 90:3 92:3 104:3 104:4,639 762 1574 1848 2732 2885,https://storage.googleapis.com/rohm-websoccer-info/images/player/static/m/1415.gif
img70,51,2016,カンパリ,PS,1574,2:2 2:3 3:3 3:4 15:3 20:3 26:3 28:3 33:3 35:3 36:3 38:4 43:3 45:4 46:3 48:4 50:2 50:3 50:4 52:3 53:4 55:3 55:4 55:6 58:3 59:3 60:4 61:4 65:3 66:4 69:3 71:4 77:3 78:3 80:4 85:4 87:3 90:3 90:4 92:3 100:4 102:3 102:4 103:3 104:3 104:4 105:2 106:4 109:3 109:4 112:3,639 762 1574 1848 2732 2885,https://storage.googleapis.com/rohm-websoccer-info/images/player/static/m/2131.gif
img63,50,2432,レイ,PS,1693,1:11 2:10 2:11 3:9 3:10 12:10 13:11 14:10 21:11 26:10 26:11 27:10 27:11 28:9 32:10 32:11 35:10 35:11 43:10 45:10 47:9 47:11 48:11 51:10 53:11 55:9 55:10 65:10 69:9 69:10 69:11 72:9 73:10 76:11 78:11 81:11 86:11 87:8 87:10 87:11 89:11 90:10 100:10 103:11 104:10 104:11 105:11 109:9 109:11 112:10,1693,https://storage.googleapis.com/rohm-websoccer-info/images/player/static/m/2513.gif
img43,49,1239,ヒューズ,PS,1111,1:8 2:6 3:6 3:7 5:5 10:6 13:7 15:7 18:7 23:8 26:5 28:5 32:8 35:7 38:6 38:8 39:8 43:6 46:6 47:7 48:6 51:9 52:8 53:7 54:6 57:7 58:6 59:7 62:6 66:6 69:8 71:6 73:8 78:6 78:7 80:6 86:7 86:9 87:7 90:7 91:8 93:6 100:6 100:7 100:8 101:9 103:7 104:7 109:6,453 774 1111 1452 847,https://storage.googleapis.com/rohm-websoccer-info/images/player/static/m/1371.gif
img38,49,1130,プラッソン,PS,1104,1:7 2:9 4:9 8:9 9:9 10:9 13:8 13:9 18:9 20:8 22:9 23:9 26:9 28:8 29:9 32:9 35:9 35:11 36:9 37:9 38:7 46:9 47:8 48:9 50:10 50:11 55:8 57:10 61:9 64:10 64:11 66:8 68:9 69:9 70:9 71:8 72:10 76:8 78:9 80:10 81:9 83:9 84:9 85:9 86:8 87:9 89:9 91:9 92:8,1104 1786,https://storage.googleapis.com/rohm-websoccer-info/images/player/static/m/1247.gif
img37,49,2376,プラッソン,PS,1104,1:7 2:9 4:9 8:9 9:9 10:9 13:8 13:9 18:9 20:8 22:9 23:9 26:9 28:8 29:9 32:9 35:9 35:11 36:9 37:9 38:7 46:9 47:8 48:9 50:10 50:11 55:8 57:10 61:9 64:10 64:11 66:8 68:9 69:9 70:9 71:8 72:10 76:8 78:9 80:10 81:9 83:9 84:9 85:9 86:8 87:9 89:9 91:9 92:8,1104 1786,https://storage.googleapis.com/rohm-websoccer-info/images/player/static/m/2462.gif
img44,44,2368,ヒューズ,PS,1111,1:8 2:6 3:6 3:7 5:5 10:6 13:7 18:7 23:8 26:5 28:5 32:8 35:7 38:6 38:8 39:8 43:6 46:6 47:7 48:6 51:9 52:8 53:7 54:6 57:7 58:6 59:7 62:6 66:6 69:8 71:6 73:8 78:7 80:6 86:7 87:7 90:7 91:8 100:6 100:7 100:8 101:9 102:6 103:7,453 774 1111 1452 847,https://storage.googleapis.com/rohm-websoccer-info/images/player/static/m/2441.gif
img97,42,1136,ジャンニケッダ,PS,1163,2:5 2:8 3:2 4:8 10:5 18:6 23:5 26:5 31:5 32:2 33:5 34:5 35:2 35:5 36:2 36:5 38:2 39:6 47:5 48:5 50:5 51:5 53:5 61:6 67:2 78:5 80:5 82:2 84:4 86:5 88:5 90:5 91:5 93:2 100:5 101:5 102:5 103:4 104:5 105:5 109:5 112:5,259 1163,https://storage.googleapis.com/rohm-websoccer-info/images/player/static/m/1243.gif
img2,40,1361,アウアー,PS,1091,1:1 17:1 19:1 20:1 30:1 32:1 34:1 35:1 37:1 38:1 39:1 47:1 48:1 52:1 53:1 56:1 61:1 64:1 65:1 66:1 71:1 73:1 76:1 78:1 80:1 82:1 83:1 84:1 85:1 86:1 87:1 88:1 89:1 92:1 93:1 94:1 100:1 103:1 107:1 109:1,513 835 1091 1649 1922 1997 2924 660,https://storage.googleapis.com/rohm-websoccer-info/images/player/static/m/1455.gif
img126,40,934,ジウゴ,PS,1117,2:9 3:8 6:9 9:9 10:9 13:9 14:8 16:9 19:10 26:9 35:9 38:7 39:10 47:8 48:9 50:10 50:11 51:11 54:9 64:10 64:11 65:7 69:9 71:8 74:9 78:9 80:10 81:9 84:9 86:8 87:8 87:9 89:9 100:11 102:9 103:9 104:10 106:7 109:7 109:8,1117 1806,https://storage.googleapis.com/rohm-websoccer-info/images/player/static/m/1027.gif
img125,40,2431,ジウゴ,PS,1117,2:9 3:8 6:9 9:9 10:9 13:9 14:8 16:9 19:10 26:9 35:9 38:7 39:10 47:8 48:9 50:10 50:11 51:11 54:9 64:10 64:11 65:7 69:9 71:8 74:9 78:9 80:10 81:9 84:9 86:8 87:8 87:9 89:9 100:11 102:9 103:9 104:10 106:7 109:7 109:8,1117 1806,https://storage.googleapis.com/rohm-websoccer-info/images/player/static/m/2525.gif
img1,39,2054,アウアー,PS,1091,1:1 17:1 19:1 20:1 30:1 32:1 34:1 35:1 37:1 38:1 39:1 47:1 48:1 52:1 53:1 56:1 61:1 64:1 65:1 66:1 71:1 73:1 78:1 80:1 82:1 83:1 84:1 85:1 86:1 87:1 88:1 89:1 92:1 93:1 94:1 100:1 103:1 107:1 109:1,513 835 1091 1649 1922 1997 2924 660,https://storage.googleapis.com/rohm-websoccer-info/images/player/static/m/2123.gif
img21,39,941,カルファン,PS,1119,1:5 1:8 2:7 3:5 4:7 11:7 13:6 23:8 24:8 25:6 26:6 26:8 27:6 28:8 31:7 32:6 33:6 35:7 36:7 39:7 43:7 46:7 48:7 50:6 50:7 55:7 57:6 61:8 64:8 66:7 68:7 69:7 70:7 72:6 73:7 75:5 89:7 91:8 104:7,1119,https://storage.googleapis.com/rohm-websoccer-info/images/player/static/m/1029.gif
img22,39,1506,カルファン,PS,1119,1:5 1:8 2:7 3:5 4:7 11:7 13:6 23:8 24:8 25:6 26:6 26:8 27:6 28:8 31:7 32:6 33:6 35:7 36:7 39:7 43:7 46:7 48:7 50:6 50:7 55:7 57:6 61:8 64:8 66:7 68:7 69:7 70:7 72:6 73:7 75:5 89:7 91:8 104:7,1119,https://storage.googleapis.com/rohm-websoccer-info/images/player/static/m/1614.gif
img86,38,1353,J・ボアキエ,PS,1089,2:4 8:4 26:2 27:4 28:4 38:4 38:5 39:3 43:2 43:4 45:3 48:3 48:5 53:3 55:5 57:2 57:3 57:4 58:4 61:3 61:5 64:2 64:5 69:4 71:3 71:5 72:2 73:3 73:5 78:2 80:3 84:3 90:2 102:3 103:3 109:3 112:4 116:5,832 1089 1443 2584 503 654 1143,https://storage.googleapis.com/rohm-websoccer-info/images/player/static/m/1453.gif
img98,38,1091,ジャンニケッダ,PS,1163,2:5 2:8 3:2 4:8 10:5 23:5 26:5 31:5 32:2 33:5 34:5 35:2 35:5 36:2 36:5 38:2 39:6 47:5 48:5 51:5 53:5 61:6 67:2 78:5 80:5 82:2 86:5 88:5 90:5 91:5 93:2 100:5 101:5 102:5 103:4 104:5 109:5 112:5,259 1163,https://storage.googleapis.com/rohm-websoccer-info/images/player/static/m/1179.gif
img11,36,1092,ガリアーノ,PS,993,1:4 2:5 3:2 4:6 5:5 6:6 8:5 12:6 18:7 21:6 22:6 25:7 28:5 30:5 32:7 33:8 35:6 36:6 38:6 43:6 51:5 58:6 61:7 64:7 66:6 67:7 70:5 72:7 78:7 79:5 80:6 82:6 89:6 95:7 102:6 104:6,442 993,https://storage.googleapis.com/rohm-websoccer-info/images/player/static/m/1181.gif
img12,36,2379,ガリアーノ,PS,993,1:4 2:5 3:2 4:6 5:5 6:6 8:5 12:6 18:7 21:6 22:6 25:7 28:5 30:5 32:7 33:8 35:6 36:6 38:6 43:6 51:5 58:6 61:7 64:7 66:6 67:7 70:5 72:7 78:7 79:5 80:6 82:6 89:6 95:7 102:6 104:6,442 993,https://storage.googleapis.com/rohm-websoccer-info/images/player/static/m/2446.gif
img16,35,1575,セルジーニョ,PS,1308,1:4 2:5 3:2 13:2 14:2 23:2 26:5 27:2 28:6 35:2 36:2 38:2 39:2 43:5 45:2 47:6 48:2 50:2 55:2 57:5 64:6 66:2 68:2 69:5 71:2 75:6 76:2 80:2 81:5 84:2 84:5 87:2 89:2 91:2 104:2,1297 1308,https://storage.googleapis.com/rohm-websoccer-info/images/player/static/m/1686.gif
img205,35,2004,ファルファン,PS,1370,3:8 3:11 12:8 26:9 27:8 28:10 37:9 38:9 43:8 48:8 48:9 50:9 50:11 53:9 55:8 64:9 64:11 68:9 69:9 71:7 71:8 78:8 78:9 78:10 80:8 80:10 87:8 87:9 89:8 90:8 100:9 101:8 102:8 103:9 109:9,1045 1370 1910 2296,https://storage.googleapis.com/rohm-websoccer-info/images/player/static/m/2078.gif
img206,35,2494,ファルファン,PS,1370,3:8 3:11 12:8 26:9 27:8 28:10 37:9 38:9 43:8 48:8 48:9 50:9 50:11 53:9 55:8 64:9 64:11 68:9 69:9 71:7 71:8 78:8 78:9 78:10 80:8 80:10 87:8 87:9 89:8 90:8 100:9 101:8 102:8 103:9 109:9,1045 1370 1910 2296,https://storage.googleapis.com/rohm-websoccer-info/images/player/static/m/2574.gif
img42,35,1355,フロート,PS,1083,1:8 2:7 20:9 35:7 38:7 39:7 43:9 45:8 48:6 49:7 50:6 50:8 54:9 55:7 62:7 64:8 65:8 66:7 69:7 71:9 76:7 80:9 84:6 84:7 84:9 85:8 90:7 96:8 100:7 100:8 103:6 104:7 105:6 109:8 116:6,1020 828 936 1083 1928 2914 2926 666,https://storage.googleapis.com/rohm-websoccer-info/images/player/static/m/1449.gif
img41,35,2140,フロート,PS,1083,1:8 2:7 20:9 35:7 38:7 39:7 43:9 45:8 48:6 49:7 50:6 50:8 54:9 55:7 62:7 64:8 65:8 66:7 69:7 71:9 76:7 80:9 84:6 84:7 84:9 85:8 90:7 96:8 100:7 100:8 103:6 104:7 105:6 109:8 116:6,1020 828 936 1083 1928 2914 2926 666,https://storage.googleapis.com/rohm-websoccer-info/images/player/static/m/2221.gif
img62,35,946,リベリーノ,PS,939,1:11 5:9 10:11 13:9 25:10 27:11 36:10 38:11 45:9 46:9 48:10 53:9 54:10 55:11 57:11 62:11 65:11 66:8 66:11 68:11 69:11 70:10 71:10 76:11 77:10 78:10 84:10 86:11 89:10 94:10 96:10 97:10 100:10 101:11 109:10,220 2278 939 1802,https://storage.googleapis.com/rohm-websoccer-info/images/player/static/m/1033.gif
img61,35,1632,リベリーノ,PS,939,1:11 5:9 10:11 13:9 25:10 27:11 36:10 38:11 45:9 46:9 48:10 53:9 54:10 55:11 57:11 62:11 65:11 66:8 66:11 68:11 69:11 70:10 71:10 76:11 77:10 78:10 84:10 86:11 89:10 94:10 96:10 97:10 100:10 101:11 109:10,220 2278 939 1802,https://storage.googleapis.com/rohm-websoccer-info/images/player/static/m/1725.gif
img232,34,1200,ケテラー,PS,930,8:8 15:8 16:7 17:7 22:6 28:5 30:5 32:7 33:8 35:6 36:6 36:7 37:7 38:6 43:6 46:6 48:7 51:9 53:7 54:6 54:7 58:6 60:8 61:7 63:9 64:7 66:6 73:8 78:7 80:6 86:7 89:6 102:6 104:6,830 930 1926 1956 509 651,https://storage.googleapis.com/rohm-websoccer-info/images/player/static/m/1270.gif
img233,34,1553,ケテラー,PS,930,8:8 15:8 16:7 17:7 22:6 28:5 30:5 32:7 33:8 35:6 36:6 36:7 37:7 38:6 43:6 46:6 48:7 51:9 53:7 54:6 54:7 58:6 60:8 61:7 63:9 64:7 66:6 73:8 78:7 80:6 86:7 89:6 102:6 104:6,830 930 1926 1956 509 651,https://storage.googleapis.com/rohm-websoccer-info/images/player/static/m/1645.gif
img5,34,1137,ブッチ,PS,1725,1:1 3:1 4:1 10:1 12:1 13:1 17:1 28:1 30:1 34:1 35:1 37:1 38:1 48:1 50:1 51:1 53:1 54:1 55:1 61:1 64:1 66:1 67:1 69:1 72:1 74:1 76:1 78:1 80:1 82:1 85:1 89:1 95:1 117:1,169 822 1177 1725 1938 2904,https://storage.googleapis.com/rohm-websoccer-info/images/player/static/m/1241.gif
img6,34,2387,ブッチ,PS,1725,1:1 3:1 4:1 10:1 12:1 13:1 17:1 28:1 30:1 34:1 35:1 37:1 38:1 48:1 50:1 51:1 53:1 54:1 55:1 61:1 64:1 66:1 67:1 69:1 72:1 74:1 76:1 78:1 80:1 82:1 85:1 89:1 95:1 117:1,169 822 1177 1725 1938 2904,https://storage.googleapis.com/rohm-websoccer-info/images/player/static/m/2442.gif
img182,31,1718,ブライト,PS,1984,3:3 19:3 24:2 35:3 36:4 47:3 48:3 50:3 53:4 55:3 61:3 61:4 66:3 69:3 77:3 77:4 79:2 80:4 86:4 87:3 88:3 90:2 90:4 92:3 93:3 94:3 95:4 100:4 104:3 104:4 106:3,1984,https://storage.googleapis.com/rohm-websoccer-info/images/player/static/m/1798.gif
img183,31,2822,ブライト,PS,1984,3:3 24:2 35:3 36:4 39:5 43:4 47:3 48:3 50:3 53:4 55:3 61:3 61:4 64:3 66:3 69:3 77:3 77:4 79:2 80:4 86:4 87:3 88:3 90:2 90:4 93:3 94:3 100:4 104:3 104:4 106:3,1984,https://storage.googleapis.com/rohm-websoccer-info/images/player/static/m/2899.gif
img159,31,1714,ヘラルト,PS,1251,3:1 10:1 28:1 31:1 33:1 35:1 36:1 37:1 38:1 43:1 44:1 47:1 48:1 50:1 54:1 61:1 62:1 66:1 74:1 75:1 78:1 82:1 84:1 86:1 90:1 94:1 97:1 100:1 102:1 104:1 117:1,183 1251 878,https://storage.googleapis.com/rohm-websoccer-info/images/player/static/m/1793.gif
img85,30,2492,J・ボアキエ,PS,1089,2:4 8:4 26:2 27:4 39:3 43:2 43:4 45:3 48:3 57:2 57:4 58:4 61:3 61:5 64:2 64:5 69:4 71:3 71:5 72:2 73:3 78:2 80:3 84:3 86:3 90:2 102:3 103:3 109:3 112:4,832 1089 1443 2584 503 654 1143,https://storage.googleapis.com/rohm-websoccer-info/images/player/static/m/2570.gif
img20,30,1015,バウアー,PS,1095,1:5 1:8 2:7 8:8 10:6 15:8 32:8 35:6 35:7 36:6 37:7 38:6 38:8 40:6 47:6 47:8 49:9 51:9 52:7 52:8 53:7 54:6 56:8 64:7 72:7 78:6 78:7 88:8 88:9 92:6,248 1095 1810 2598 876,https://storage.googleapis.com/rohm-websoccer-info/images/player/static/m/1092.gif
img19,30,1577,バウアー,PS,1095,1:5 1:8 2:7 8:8 10:6 15:8 32:8 35:6 35:7 36:6 37:7 38:6 38:8 40:6 47:6 47:8 49:9 51:9 52:7 52:8 53:7 54:6 56:8 64:7 72:7 78:6 78:7 88:8 88:9 92:6,248 1095 1810 2598 876,https://storage.googleapis.com/rohm-websoccer-info/images/player/static/m/1691.gif
img52,30,1509,レイ,PS,1693,1:9 1:11 2:11 3:10 13:10 13:11 26:11 27:10 28:11 32:10 35:10 35:11 36:11 37:11 47:11 48:11 50:10 53:11 55:9 55:10 56:11 57:9 61:9 65:10 69:10 70:10 72:9 73:10 76:11 87:10,1693,https://storage.googleapis.com/rohm-websoccer-info/images/player/static/m/1623.gif
img87,29,2035,J・ボアキエ,PS,1089,2:4 26:2 28:4 38:4 38:5 39:3 48:3 48:5 53:3 55:5 57:2 57:3 61:3 61:5 64:2 64:5 69:4 71:3 71:5 72:2 73:5 78:2 80:3 84:3 86:3 90:2 102:3 103:3 116:5,832 1089 1443 2584 503 654 1143,https://storage.googleapis.com/rohm-websoccer-info/images/player/static/m/2127.gif
img23,28,924,ブルーノ・セガール,PS,1120,1:5 2:6 13:7 18:8 22:6 24:5 27:6 28:5 31:8 35:6 35:7 36:7 38:6 39:8 43:6 45:7 47:7 48:7 53:6 54:7 62:6 68:6 69:8 72:6 82:6 87:6 90:6 104:6,1120,https://storage.googleapis.com/rohm-websoccer-info/images/player/static/m/1030.gif
img24,28,1514,ブルーノ・セガール,PS,1120,1:5 2:6 13:7 18:8 22:6 24:5 27:6 28:5 31:8 35:6 35:7 36:7 38:6 39:8 43:6 45:7 47:7 48:7 53:6 54:7 62:6 68:6 69:8 72:6 82:6 87:6 90:6 104:6,1120,https://storage.googleapis.com/rohm-websoccer-info/images/player/static/m/1616.gif
img158,28,1919,ヘラルト,PS,1251,3:1 10:1 28:1 33:1 35:1 36:1 37:1 43:1 44:1 47:1 48:1 50:1 54:1 61:1 62:1 66:1 74:1 75:1 78:1 82:1 85:1 86:1 90:1 97:1 100:1 102:1 104:1 117:1,183 1251 878,https://storage.googleapis.com/rohm-websoccer-info/images/player/static/m/1990.gif
img69,28,997,マルゲリータ,PS,1184,2:2 2:4 26:2 32:4 34:3 47:3 47:4 50:4 53:3 64:2 66:4 69:2 71:3 72:2 73:3 81:2 81:3 82:3 83:4 84:3 88:3 89:3 89:4 90:2 90:3 92:2 105:4 109:4,197 648 1184 1715,https://storage.googleapis.com/rohm-websoccer-info/images/player/static/m/1088.gif
img13,28,1148,リンコン,PS,1198,1:4 3:2 8:2 16:2 17:2 18:2 31:2 34:2 37:2 40:2 43:2 44:2 47:2 51:5 53:2 54:2 58:2 61:2 62:2 63:2 65:2 74:2 82:2 86:2 88:2 92:5 98:2 106:2,476 1198,https://storage.googleapis.com/rohm-websoccer-info/images/player/static/m/1230.gif
img101,28,1252,レオナルド・コスタ,PS,1304,2:6 13:6 27:6 27:7 35:6 36:6 39:8 45:7 47:7 48:6 51:8 51:9 53:7 54:7 55:6 57:7 60:6 64:6 66:6 69:7 69:8 70:6 71:6 86:7 87:6 90:7 94:6 100:8,1304,https://storage.googleapis.com/rohm-websoccer-info/images/player/static/m/1393.gif
img102,28,1528,レオナルド・コスタ,PS,1304,2:6 13:6 27:6 27:7 35:6 36:6 39:8 45:7 47:7 48:6 51:8 51:9 53:7 54:7 55:6 57:7 60:6 64:6 66:6 69:7 69:8 70:6 71:6 86:7 87:6 90:7 94:6 100:8,1304,https://storage.googleapis.com/rohm-websoccer-info/images/player/static/m/1588.gif
img31,27,1797,セベロ・スルバラン,PS,1268,1:6 10:5 14:5 25:5 26:7 33:5 35:5 36:5 37:5 38:5 46:5 47:5 48:5 50:5 53:5 57:8 64:5 65:5 66:5 69:6 71:5 76:5 78:5 84:4 87:5 95:5 104:5,1268,https://storage.googleapis.com/rohm-websoccer-info/images/player/static/m/1875.gif
img32,27,2147,セベロ・スルバラン,PS,1268,1:6 10:5 14:5 25:5 26:7 33:5 35:5 36:5 37:5 38:5 46:5 47:5 48:5 50:5 53:5 57:8 64:5 65:5 66:5 69:6 71:5 76:5 78:5 84:4 87:5 95:5 104:5,1268,https://storage.googleapis.com/rohm-websoccer-info/images/player/static/m/2228.gif
img15,27,1498,セルジーニョ,PS,1308,1:4 2:5 13:2 14:2 23:2 26:5 27:2 28:6 35:2 36:2 38:2 47:6 48:2 50:2 55:2 57:5 64:6 66:2 68:2 69:5 71:2 75:6 76:2 81:5 84:5 89:2 91:2,1297 1308,https://storage.googleapis.com/rohm-websoccer-info/images/player/static/m/1597.gif
img170,25,2429,セルジーニョ,PS,1308,3:2 13:2 23:2 26:5 27:2 36:2 38:2 39:2 43:5 45:2 48:2 50:2 64:6 66:2 68:2 69:5 71:2 80:2 81:5 84:2 84:5 87:2 89:2 91:2 104:2,1297 1308,https://storage.googleapis.com/rohm-websoccer-info/images/player/static/m/2526.gif
img18,24,1555,パウレタ,PS,1566,1:4 2:5 3:2 14:2 35:2 38:2 46:2 48:2 51:5 55:2 57:5 58:2 60:2 66:2 71:2 74:2 76:2 77:2 78:2 90:2 93:2 100:2 101:2 109:2,746 1566 1601 1029,https://storage.googleapis.com/rohm-websoccer-info/images/player/static/m/1635.gif
img17,24,2361,パウレタ,PS,1566,1:4 2:5 3:2 14:2 35:2 38:2 46:2 48:2 51:5 55:2 57:5 58:2 60:2 66:2 71:2 74:2 76:2 77:2 78:2 90:2 93:2 100:2 101:2 109:2,746 1566 1601 1029,https://storage.googleapis.com/rohm-websoccer-info/images/player/static/m/2416.gif
img173,23,2472,エミリオ・ロペス,PS,1718,3:2 26:2 34:3 35:2 39:3 43:2 50:4 50:5 53:3 56:2 57:2 57:3 64:2 66:4 69:2 71:3 73:3 78:2 80:2 85:2 89:4 90:3 109:3,486 3199 812 933 1445 1718 1759 1893 2362 2517 2777 3111 709 875,https://storage.googleapis.com/rohm-websoccer-info/images/player/static/m/2561.gif
img29,23,1270,ジャミ・ナバーロ,PS,1772,1:5 2:7 9:6 14:7 26:6 32:6 36:7 50:6 50:7 51:7 55:7 57:6 65:6 69:7 73:7 77:6 81:6 83:6 84:5 84:6 89:7 102:7 103:6,485 809 922 1772 705 1272,https://storage.googleapis.com/rohm-websoccer-info/images/player/static/m/1373.gif
img40,23,1623,ジョコビッチ,PS,967,1:8 26:6 26:8 34:7 44:8 50:6 50:7 50:8 51:7 62:8 65:7 66:7 69:7 78:6 78:9 80:9 84:7 84:9 89:7 96:9 100:7 104:7 104:8,1007 967 1652 1843 2733,https://storage.googleapis.com/rohm-websoccer-info/images/player/static/m/1710.gif
img39,23,2042,ジョコビッチ,PS,967,1:8 26:6 26:8 34:7 44:8 50:6 50:7 50:8 51:7 62:8 65:7 66:7 69:7 78:6 78:9 80:9 84:7 84:9 89:7 96:9 100:7 104:7 104:8,1007 967 1652 1843 2733,https://storage.googleapis.com/rohm-websoccer-info/images/player/static/m/2116.gif
img175,22,2383,エミリオ・ロペス,PS,1718,3:2 26:2 34:3 39:3 43:2 48:2 50:4 50:5 53:3 56:2 57:2 57:3 64:2 66:4 69:2 71:3 73:3 80:2 85:2 86:2 89:4 109:3,486 3199 812 933 1445 1718 1759 1893 2362 2517 2777 3111 709 875,https://storage.googleapis.com/rohm-websoccer-info/images/player/static/m/2448.gif
img114,22,2023,ジャミ・ナバーロ,PS,1772,2:7 9:6 14:7 26:6 32:6 36:7 50:6 50:7 51:7 55:7 57:6 65:6 69:7 73:7 77:6 81:6 83:6 84:5 84:6 89:7 102:7 103:6,485 809 922 1772 705 1272,https://storage.googleapis.com/rohm-websoccer-info/images/player/static/m/2125.gif
img53,22,1924,ボルト,PS,1729,1:10 2:10 2:11 3:10 10:10 18:10 26:10 43:10 47:10 52:11 53:10 53:11 69:10 70:11 72:9 78:11 81:10 87:10 87:11 90:10 92:11 93:10,646 1216 1729,https://storage.googleapis.com/rohm-websoccer-info/images/player/static/m/2001.gif
img54,22,2374,ボルト,PS,1729,1:10 2:10 2:11 3:10 10:10 18:10 26:10 43:10 47:10 52:11 53:10 53:11 69:10 70:11 72:9 78:11 81:10 87:10 87:11 90:10 92:11 93:10,646 1216 1729,https://storage.googleapis.com/rohm-websoccer-info/images/player/static/m/2459.gif
img68,22,2599,マルゲリータ,PS,1184,2:2 26:2 32:4 34:3 47:3 47:4 50:4 53:3 64:2 69:2 71:3 72:2 73:3 81:2 81:3 82:3 83:4 84:3 90:2 90:3 92:2 109:4,197 648 1184 1715,https://storage.googleapis.com/rohm-websoccer-info/images/player/static/m/2668.gif
img57,22,1021,ルンベルグ,PS,2388,1:10 2:10 3:9 3:10 8:10 10:10 14:11 23:10 26:10 43:10 45:10 51:10 52:11 53:10 53:11 55:10 56:10 63:11 75:11 76:10 83:10 91:10,2388,https://storage.googleapis.com/rohm-websoccer-info/images/player/static/m/1096.gif
img191,21,988,ガルシア,PS,942,3:5 8:6 25:6 26:6 26:8 47:6 48:7 50:6 50:7 51:3 53:6 69:7 69:8 76:6 81:6 84:5 85:6 87:6 90:6 105:6 109:6,48 942 1496 852,https://storage.googleapis.com/rohm-websoccer-info/images/player/static/m/1101.gif
img190,21,2434,ガルシア,PS,942,3:5 8:6 25:6 26:6 26:8 47:6 48:7 50:6 50:7 51:3 53:6 69:7 69:8 76:6 81:6 84:5 85:6 87:6 90:6 105:6 109:6,48 942 1496 852,https://storage.googleapis.com/rohm-websoccer-info/images/player/static/m/2503.gif
img171,21,1234,フィルレロ,PS,1358,3:2 4:2 35:2 36:2 38:2 45:2 47:5 48:2 50:2 60:2 69:5 71:2 74:5 77:2 77:5 84:2 84:4 87:2 88:5 94:2 104:2,1358 891,https://storage.googleapis.com/rohm-websoccer-info/images/player/static/m/1407.gif
img133,21,1520,プラッソン,PS,1786,2:9 3:8 23:9 26:9 35:9 36:9 38:7 39:10 47:8 48:9 57:10 64:11 69:9 70:9 71:8 72:10 78:9 81:9 87:9 91:9 92:8,1104 1786,https://storage.googleapis.com/rohm-websoccer-info/images/player/static/m/1609.gif
img134,21,2299,プラッソン,PS,1786,2:9 3:8 23:9 26:9 35:9 36:9 38:7 39:10 47:8 48:9 57:10 64:11 69:9 70:9 71:8 72:10 78:9 81:9 87:9 91:9 92:8,1104 1786,https://storage.googleapis.com/rohm-websoccer-info/images/player/static/m/2375.gif
img27,21,2038,ベルッチ,PS,1293,1:5 2:7 3:5 26:6 32:6 36:7 50:7 51:3 57:6 64:6 69:7 76:6 77:6 81:6 83:6 87:6 89:7 93:6 96:6 101:6 116:6,1013 818 1293 711,https://storage.googleapis.com/rohm-websoccer-info/images/player/static/m/2101.gif
img363,20,1684,アルリスビエタ,PS,1366,36:2 36:5 38:2 39:2 47:5 55:2 61:6 66:2 66:5 73:2 76:2 78:5 81:5 84:4 86:5 90:5 94:5 101:5 102:5 109:2,1546 811 1366 2811,https://storage.googleapis.com/rohm-websoccer-info/images/player/static/m/1765.gif
img362,20,2498,アルリスビエタ,PS,1366,36:2 36:5 38:2 39:2 47:5 55:2 61:6 66:2 66:5 73:2 76:2 78:5 81:5 84:4 86:5 90:5 94:5 101:5 102:5 109:2,1546 811 1366 2811,https://storage.googleapis.com/rohm-websoccer-info/images/player/static/m/2575.gif
img34,20,2372,カルロス,PS,1724,1:6 13:5 20:5 26:7 35:5 39:6 47:5 48:5 50:5 53:5 55:5 57:8 62:5 69:6 71:5 76:5 80:5 87:5 103:5 104:5,51 917 1724 1801 2907,https://storage.googleapis.com/rohm-websoccer-info/images/player/static/m/2443.gif
img33,20,2435,カルロス,PS,1724,1:6 13:5 20:5 26:7 35:5 39:6 47:5 48:5 50:5 53:5 55:5 57:8 62:5 69:6 71:5 76:5 80:5 87:5 103:5 104:5,51 917 1724 1801 2907,https://storage.googleapis.com/rohm-websoccer-info/images/player/static/m/2528.gif
img347,20,1739,フィルレロ,PS,1358,35:2 36:2 38:2 45:2 47:5 48:2 50:2 60:2 69:5 71:2 74:5 77:2 77:5 81:5 83:2 84:2 87:2 88:5 94:2 104:2,1358 891,https://storage.googleapis.com/rohm-websoccer-info/images/player/static/m/1819.gif
img64,20,2471,ブッチ,PS,1938,2:1 3:1 27:1 28:1 35:1 38:1 48:1 55:1 61:1 72:1 78:1 80:1 82:1 86:1 89:1 90:1 94:1 95:1 101:1 106:1,169 822 1177 1725 1938 2904,https://storage.googleapis.com/rohm-websoccer-info/images/player/static/m/2555.gif
img28,20,1732,ベルッチ,PS,1293,1:5 2:7 3:5 26:6 36:7 50:7 51:3 57:6 64:6 69:7 76:6 77:6 81:6 83:6 87:6 89:7 93:6 96:6 101:6 116:6,1013 818 1293 711,https://storage.googleapis.com/rohm-websoccer-info/images/player/static/m/1824.gif
img231,19,2370,リンコン,PS,1198,8:2 16:2 17:2 31:2 37:2 43:2 47:2 53:2 54:2 58:2 61:2 62:2 65:2 74:2 82:2 86:2 92:5 98:2 106:2,476 1198,https://storage.googleapis.com/rohm-websoccer-info/images/player/static/m/2449.gif
img111,18,2024,ペジェグリーノ,PS,1708,2:6 10:8 27:6 39:8 53:6 54:4 55:6 56:7 64:6 65:4 80:7 81:7 86:6 87:7 88:6 90:6 104:6 106:6,510 744 962 1708 1835 2096 1185,https://storage.googleapis.com/rohm-websoccer-info/images/player/static/m/2115.gif
img110,18,2386,ペジェグリーノ,PS,1708,2:6 10:8 27:6 39:8 53:6 54:4 55:6 56:7 64:6 65:4 80:7 81:7 86:6 87:7 88:6 90:6 104:6 106:6,510 744 962 1708 1835 2096 1185,https://storage.googleapis.com/rohm-websoccer-info/images/player/static/m/2474.gif
img313,17,1678,エルル,PS,1387,27:8 44:7 48:8 50:11 64:9 64:10 73:6 78:8 78:9 80:10 84:9 89:9 100:11 101:8 102:8 103:9 106:7,479 825 921 1387 1444 1930 1066 669 884,https://storage.googleapis.com/rohm-websoccer-info/images/player/static/m/1752.gif
img218,17,1673,ジルベール,PS,1362,3:11 37:9 38:11 48:10 50:11 52:10 53:9 60:11 66:8 71:10 78:10 84:10 90:9 97:10 102:10 103:10 109:10,696 758 1362 1436 1851 2149 2426 2670 1345,https://storage.googleapis.com/rohm-websoccer-info/images/player/static/m/1760.gif
img217,17,2491,ジルベール,PS,1362,3:11 37:9 38:11 48:10 50:11 52:10 53:9 60:11 66:8 71:10 78:10 84:10 90:9 97:10 102:10 103:10 109:10,696 758 1362 1436 1851 2149 2426 2670 1345,https://storage.googleapis.com/rohm-websoccer-info/images/player/static/m/2573.gif
img122,17,2801,パイク,PS,2083,2:8 3:6 3:9 26:7 38:11 45:9 66:9 66:11 71:7 80:8 84:8 90:8 90:9 100:10 103:8 103:10 104:9,516 927 1454 1707 2083 2423 2717 2779 721 879,https://storage.googleapis.com/rohm-websoccer-info/images/player/static/m/2877.gif
img121,17,2914,パイク,PS,2083,2:8 3:6 3:9 26:7 38:11 45:9 66:9 66:11 71:7 80:8 84:8 90:8 90:9 100:10 103:8 103:10 104:9,516 927 1454 1707 2083 2423 2717 2779 721 879,https://storage.googleapis.com/rohm-websoccer-info/images/player/static/m/2990.gif
img196,17,3020,ヒューズ,PS,1111,3:6 15:7 26:5 47:7 53:7 66:6 71:6 73:8 80:6 86:7 86:9 87:7 90:7 93:6 102:6 103:7 109:6,453 774 1111 1452 847,https://storage.googleapis.com/rohm-websoccer-info/images/player/static/m/3085.gif
img135,17,1007,ファン・ローイ,PS,1241,2:10 20:11 28:11 35:10 36:11 38:10 39:11 43:10 48:11 53:11 62:10 66:10 72:11 84:11 96:11 101:10 103:11,163 3124 1241,https://storage.googleapis.com/rohm-websoccer-info/images/player/static/m/1083.gif
img136,17,2585,ファン・ローイ,PS,1241,2:10 20:11 28:11 35:10 36:11 38:10 39:11 43:10 48:11 53:11 62:10 66:10 72:11 84:11 96:11 101:10 103:11,163 3124 1241,https://storage.googleapis.com/rohm-websoccer-info/images/player/static/m/2677.gif
img127,17,930,フランサ,PS,1137,2:9 3:8 13:11 26:9 26:11 27:11 32:9 32:10 33:10 40:8 47:8 47:11 48:9 50:10 77:11 78:9 81:9,1137,https://storage.googleapis.com/rohm-websoccer-info/images/player/static/m/1059.gif
img128,17,1992,フランサ,PS,1137,2:9 3:8 13:11 26:9 26:11 27:11 32:9 32:10 33:10 40:8 47:8 47:11 48:9 50:10 77:11 78:9 81:9,1137,https://storage.googleapis.com/rohm-websoccer-info/images/player/static/m/2060.gif
img58,17,1519,ルンベルグ,PS,2388,1:10 2:10 3:9 3:10 8:10 14:11 26:10 43:10 45:10 52:11 53:10 53:11 55:10 56:10 63:11 75:11 76:10,2388,https://storage.googleapis.com/rohm-websoccer-info/images/player/static/m/1608.gif
img267,16,1354,T・フェラー,PS,1084,14:8 26:9 36:9 48:8 48:9 50:10 64:9 64:10 71:8 74:9 84:9 85:7 85:9 99:8 103:9 106:7,1035 826 1084 1755 1929 1996 2451 2657 860 659,https://storage.googleapis.com/rohm-websoccer-info/images/player/static/m/1448.gif
img266,16,2142,T・フェラー,PS,1084,14:8 26:9 36:9 48:8 48:9 50:10 64:9 64:10 71:8 74:9 84:9 85:7 85:9 99:8 103:9 106:7,1035 826 1084 1755 1929 1996 2451 2657 860 659,https://storage.googleapis.com/rohm-websoccer-info/images/player/static/m/2225.gif
img3,16,1497,ゾラ,PS,1182,1:1 13:1 28:1 33:1 38:1 47:1 48:1 50:1 51:1 61:1 66:1 70:1 72:1 75:1 78:1 109:1,1182,https://storage.googleapis.com/rohm-websoccer-info/images/player/static/m/1607.gif
img4,16,1911,ゾラ,PS,1182,1:1 13:1 28:1 33:1 38:1 47:1 48:1 50:1 51:1 61:1 66:1 70:1 72:1 75:1 78:1 109:1,1182,https://storage.googleapis.com/rohm-websoccer-info/images/player/static/m/1986.gif
img14,16,2021,リンコン,PS,1198,1:4 3:2 8:2 17:2 18:2 37:2 43:2 47:2 53:2 58:2 61:2 86:2 88:2 92:5 98:2 106:2,476 1198,https://storage.googleapis.com/rohm-websoccer-info/images/player/static/m/2099.gif
img244,16,1360,ローム,PS,1090,10:2 20:2 32:2 39:2 48:2 64:6 66:2 69:5 71:2 81:5 84:2 84:5 90:5 97:2 103:2 109:2,471 831 1090 1453 1512 1706 1998 722 862 670,https://storage.googleapis.com/rohm-websoccer-info/images/player/static/m/1452.gif
img245,16,2036,ローム,PS,1090,10:2 20:2 32:2 39:2 48:2 64:6 66:2 69:5 71:2 81:5 84:2 84:5 90:5 97:2 103:2 109:2,471 831 1090 1453 1512 1706 1998 722 862 670,https://storage.googleapis.com/rohm-websoccer-info/images/player/static/m/2124.gif
img177,15,1247,エルニーニョ,PS,1357,3:3 3:4 12:3 38:3 43:3 44:4 48:4 50:3 51:4 53:4 65:3 74:4 80:4 87:3 104:4,450 1357 1781,https://storage.googleapis.com/rohm-websoccer-info/images/player/static/m/1399.gif
img176,15,1745,エルニーニョ,PS,1357,3:3 3:4 12:3 38:3 43:3 44:4 48:4 50:3 51:4 53:4 65:3 74:4 80:4 87:3 104:4,450 1357 1781,https://storage.googleapis.com/rohm-websoccer-info/images/player/static/m/1818.gif
img312,15,2027,エルル,PS,1387,27:8 44:7 48:8 64:9 64:10 73:6 78:9 80:10 84:9 89:9 100:11 101:8 102:8 103:9 106:7,479 825 921 1387 1444 1930 1066 669 884,https://storage.googleapis.com/rohm-websoccer-info/images/player/static/m/2108.gif
img26,15,952,カスティージョ,PS,1194,1:5 17:6 20:7 26:6 28:5 45:7 47:7 48:6 48:7 50:7 51:8 51:9 53:6 65:6 71:6,490 1194 886 1150,https://storage.googleapis.com/rohm-websoccer-info/images/player/static/m/1058.gif
img25,15,1991,カスティージョ,PS,1194,1:5 17:6 20:7 26:6 28:5 45:7 47:7 48:6 48:7 50:7 51:8 51:9 53:6 65:6 71:6,490 1194 886 1150,https://storage.googleapis.com/rohm-websoccer-info/images/player/static/m/2070.gif
img65,15,2778,ブッチ,PS,1938,2:1 27:1 28:1 35:1 48:1 51:1 72:1 80:1 82:1 86:1 90:1 94:1 95:1 101:1 106:1,169 822 1177 1725 1938 2904,https://storage.googleapis.com/rohm-websoccer-info/images/player/static/m/2856.gif
img272,15,1769,リンコン,PS,1198,17:2 31:2 34:2 40:2 44:2 47:2 51:5 53:2 58:2 61:2 62:2 63:2 65:2 92:5 106:2,476 1198,https://storage.googleapis.com/rohm-websoccer-info/images/player/static/m/1848.gif
img90,14,1454,J・ボアキエ,PS,1443,2:4 39:3 40:3 52:2 53:3 64:2 69:4 71:3 75:2 78:2 81:2 90:2 102:3 109:4,832 1089 1443 2584 503 654 1143,https://storage.googleapis.com/rohm-websoccer-info/images/player/static/m/1575.gif
img89,14,2095,J・ボアキエ,PS,1443,2:4 39:3 40:3 52:2 53:3 64:2 69:4 71:3 75:2 78:2 81:2 90:2 102:3 109:4,832 1089 1443 2584 503 654 1143,https://storage.googleapis.com/rohm-websoccer-info/images/player/static/m/2174.gif
img252,14,1098,エマルソン,PS,1307,10:7 26:6 30:6 47:7 48:7 50:7 53:6 69:8 70:6 72:6 81:6 87:6 104:6 108:6,252 1307,https://storage.googleapis.com/rohm-websoccer-info/images/player/static/m/1178.gif
img253,14,1770,エマルソン,PS,1307,10:7 26:6 30:6 47:7 48:7 50:7 53:6 69:8 70:6 72:6 81:6 87:6 104:6 108:6,252 1307,https://storage.googleapis.com/rohm-websoccer-info/images/player/static/m/1834.gif
img248,14,1267,コート,PS,1377,10:5 37:5 39:6 50:5 61:6 66:5 78:5 80:5 86:5 89:5 90:5 100:5 103:5 108:5,258 1377 2599,https://storage.googleapis.com/rohm-websoccer-info/images/player/static/m/1386.gif
img249,14,1784,コート,PS,1377,10:5 37:5 39:6 50:5 61:6 66:5 78:5 80:5 86:5 89:5 90:5 100:5 103:5 108:5,258 1377 2599,https://storage.googleapis.com/rohm-websoccer-info/images/player/static/m/1847.gif
img373,14,1377,ドグレル,PS,764,38:1 47:1 48:1 53:1 54:1 57:1 58:1 64:1 66:1 71:1 76:1 78:1 89:1 109:1,1019 764 1369 1847 2148 2667,https://storage.googleapis.com/rohm-websoccer-info/images/player/static/m/1503.gif
img374,14,1559,ドグレル,PS,764,38:1 47:1 48:1 53:1 54:1 57:1 58:1 64:1 66:1 71:1 76:1 78:1 89:1 109:1,1019 764 1369 1847 2148 2667,https://storage.googleapis.com/rohm-websoccer-info/images/player/static/m/1636.gif
img8,14,1155,ペトレスク,PS,1195,1:3 3:4 8:7 47:5 72:4 74:10 80:7 83:5 84:4 87:7 90:5 102:5 103:4 109:5,263 1195,https://storage.googleapis.com/rohm-websoccer-info/images/player/static/m/1227.gif
img7,14,2587,ペトレスク,PS,1195,1:3 3:4 8:7 47:5 72:4 74:10 80:7 83:5 84:4 87:7 90:5 102:5 103:4 109:5,263 1195,https://storage.googleapis.com/rohm-websoccer-info/images/player/static/m/2663.gif
img167,14,1808,リエル,PS,1946,3:1 10:1 22:1 23:1 38:1 48:1 50:1 60:1 78:1 90:1 91:1 94:1 102:1 104:1,1823 1946 1064,https://storage.googleapis.com/rohm-websoccer-info/images/player/static/m/1901.gif
img166,14,2786,リエル,PS,1946,3:1 10:1 22:1 23:1 38:1 48:1 50:1 60:1 78:1 90:1 91:1 94:1 102:1 104:1,1823 1946 1064,https://storage.googleapis.com/rohm-websoccer-info/images/player/static/m/2866.gif
img174,13,2051,エミリオ・ロペス,PS,1718,3:2 35:2 39:3 48:2 50:4 64:2 66:4 69:2 78:2 85:2 86:2 89:4 90:3,486 3199 812 933 1445 1718 1759 1893 2362 2517 2777 3111 709 875,https://storage.googleapis.com/rohm-websoccer-info/images/player/static/m/2102.gif
img257,13,1013,カラバッジォ,PS,1103,11:10 18:9 26:11 34:11 47:8 48:9 67:11 69:9 72:10 81:9 82:10 87:9 109:10,46 1103 2164,https://storage.googleapis.com/rohm-websoccer-info/images/player/static/m/1084.gif
img256,13,2584,カラバッジォ,PS,1103,11:10 18:9 26:11 34:11 47:8 48:9 67:11 69:9 72:10 81:9 82:10 87:9 109:10,46 1103 2164,https://storage.googleapis.com/rohm-websoccer-info/images/player/static/m/2662.gif
img301,13,1654,ファン・デルリース,PS,1501,26:10 28:11 36:11 47:10 48:11 53:11 60:10 61:11 66:10 71:10 83:11 84:11 103:10,488 778 1258 1382 1501 1987 848 856,https://storage.googleapis.com/rohm-websoccer-info/images/player/static/m/1740.gif
img300,13,2213,ファン・デルリース,PS,1501,26:10 28:11 36:11 47:10 48:11 53:11 60:10 61:11 66:10 71:10 83:11 84:11 103:10,488 778 1258 1382 1501 1987 848 856,https://storage.googleapis.com/rohm-websoccer-info/images/player/static/m/2281.gif
img339,13,1175,フェルナンデス,PS,955,34:1 35:1 44:1 50:1 53:1 58:1 65:1 68:1 69:1 80:1 84:1 87:1 103:1,955 508,https://storage.googleapis.com/rohm-websoccer-info/images/player/static/m/1294.gif
img340,13,2357,フェルナンデス,PS,955,34:1 35:1 44:1 50:1 53:1 58:1 65:1 68:1 69:1 80:1 84:1 87:1 103:1,955 508,https://storage.googleapis.com/rohm-websoccer-info/images/player/static/m/2419.gif
img285,13,1521,ブライト,PS,1984,19:3 39:5 43:4 48:3 50:3 55:3 61:4 64:3 69:3 92:3 94:3 95:4 104:4,1984,https://storage.googleapis.com/rohm-websoccer-info/images/player/static/m/1627.gif
img271,13,1364,マッサ,PS,2571,16:8 17:7 18:8 31:9 33:8 48:7 51:9 53:7 61:8 64:8 72:7 73:9 78:7,1052 2571,https://storage.googleapis.com/rohm-websoccer-info/images/player/static/m/1459.gif
img270,13,2050,マッサ,PS,2571,16:8 17:7 18:8 31:9 33:8 48:7 51:9 53:7 61:8 64:8 72:7 73:9 78:7,1052 2571,https://storage.googleapis.com/rohm-websoccer-info/images/player/static/m/2097.gif
img92,13,1526,マンチーニ,PS,1473,2:4 3:4 17:5 23:5 31:5 45:5 47:5 48:5 51:4 61:6 64:5 72:4 91:5,198 986 1473 2597 2898 908,https://storage.googleapis.com/rohm-websoccer-info/images/player/static/m/1598.gif
img91,13,2252,マンチーニ,PS,1473,2:4 3:4 17:5 23:5 31:5 45:5 47:5 48:5 51:4 61:6 64:5 72:4 91:5,198 986 1473 2597 2898 908,https://storage.googleapis.com/rohm-websoccer-info/images/player/static/m/2334.gif
img297,12,2100,カンパリ,PS,1848,26:3 38:4 48:4 50:2 50:4 51:4 52:3 53:4 64:4 102:4 109:3 109:4,639 762 1574 1848 2732 2885,https://storage.googleapis.com/rohm-websoccer-info/images/player/static/m/2164.gif
img296,12,2664,カンパリ,PS,1848,26:3 38:4 48:4 50:2 50:4 51:4 52:3 53:4 64:4 102:4 109:3 109:4,639 762 1574 1848 2732 2885,https://storage.googleapis.com/rohm-websoccer-info/images/player/static/m/2763.gif
img367,12,1881,シュライヒャー,PS,1655,36:5 39:6 46:5 48:5 49:5 53:5 68:5 71:5 84:4 85:5 90:5 103:5,1655,https://storage.googleapis.com/rohm-websoccer-info/images/player/static/m/1960.gif
img366,12,2169,シュライヒャー,PS,1655,36:5 39:6 46:5 48:5 49:5 53:5 68:5 71:5 84:4 85:5 90:5 103:5,1655,https://storage.googleapis.com/rohm-websoccer-info/images/player/static/m/2259.gif
img164,12,2138,デル・モンテ,PS,1892,3:1 48:1 50:1 53:1 62:1 69:1 71:1 80:1 84:1 87:1 90:1 104:1,1006 1259 1892 1968 2023,https://storage.googleapis.com/rohm-websoccer-info/images/player/static/m/2212.gif
img163,12,2720,デル・モンテ,PS,1892,3:1 48:1 50:1 53:1 62:1 69:1 71:1 80:1 84:1 87:1 90:1 104:1,1006 1259 1892 1968 2023,https://storage.googleapis.com/rohm-websoccer-info/images/player/static/m/2803.gif
img310,12,939,プラトン,PS,1118,27:8 34:7 37:6 45:6 63:7 64:9 65:7 66:7 68:8 72:5 78:9 104:8,1118,https://storage.googleapis.com/rohm-websoccer-info/images/player/static/m/1028.gif
img311,12,1507,プラトン,PS,1118,27:8 34:7 37:6 45:6 63:7 64:9 65:7 66:7 68:8 72:5 78:9 104:8,1118,https://storage.googleapis.com/rohm-websoccer-info/images/player/static/m/1615.gif
img160,12,2134,ヘラルト,PS,1251,3:1 28:1 38:1 48:1 50:1 66:1 74:1 84:1 85:1 90:1 94:1 104:1,183 1251 878,https://storage.googleapis.com/rohm-websoccer-info/images/player/static/m/2205.gif
img399,12,1557,ミニウェル,PS,2548,45:5 61:6 62:5 68:5 78:5 82:5 86:5 90:5 100:5 106:5 109:5 112:5,2548,https://storage.googleapis.com/rohm-websoccer-info/images/player/static/m/1638.gif
img398,12,2349,ミニウェル,PS,2548,45:5 61:6 62:5 68:5 78:5 82:5 86:5 90:5 100:5 106:5 109:5 112:5,2548,https://storage.googleapis.com/rohm-websoccer-info/images/player/static/m/2428.gif
img293,12,1827,ラッキ・ヴィルトール,PS,1305,26:2 38:5 48:3 48:5 53:3 55:5 64:2 69:4 73:5 87:4 90:2 104:5,1305,https://storage.googleapis.com/rohm-websoccer-info/images/player/static/m/1911.gif
img292,12,2428,ラッキ・ヴィルトール,PS,1305,26:2 38:5 48:3 48:5 53:3 55:5 64:2 69:4 73:5 87:4 90:2 104:5,1305,https://storage.googleapis.com/rohm-websoccer-info/images/player/static/m/2502.gif
img314,11,2790,エルル,PS,1387,27:8 50:11 64:9 73:6 78:8 78:9 80:10 84:9 100:11 101:8 102:8,479 825 921 1387 1444 1930 1066 669 884,https://storage.googleapis.com/rohm-websoccer-info/images/player/static/m/2868.gif
img152,11,1461,サージェス,PS,814,3:1 48:1 49:1 50:1 68:1 72:1 74:1 75:1 80:1 84:1 89:1,271 814 935 1784 704,https://storage.googleapis.com/rohm-websoccer-info/images/player/static/m/1557.gif
img153,11,2208,サージェス,PS,814,3:1 48:1 49:1 50:1 68:1 72:1 74:1 75:1 80:1 84:1 89:1,271 814 935 1784 704,https://storage.googleapis.com/rohm-websoccer-info/images/player/static/m/2295.gif
img208,11,2346,シスコ,PS,2175,3:8 20:9 43:7 64:8 64:10 71:9 78:6 96:8 100:7 101:7 104:8,480 807 1365 2175 2588 708 867 890,https://storage.googleapis.com/rohm-websoccer-info/images/player/static/m/2426.gif
img207,11,2497,シスコ,PS,2175,3:8 20:9 43:7 64:8 64:10 71:9 78:6 96:8 100:7 101:7 104:8,480 807 1365 2175 2588 708 867 890,https://storage.googleapis.com/rohm-websoccer-info/images/player/static/m/2580.gif
img131,11,1793,ジエゴ,PS,1339,2:9 3:8 26:9 27:9 28:8 38:7 50:11 84:9 86:8 87:9 102:9,1296 1339 1760 1898 2983,https://storage.googleapis.com/rohm-websoccer-info/images/player/static/m/1874.gif
img132,11,2473,ジエゴ,PS,1339,2:9 3:8 26:9 28:8 38:7 50:11 69:9 84:9 86:8 87:9 102:9,1296 1339 1760 1898 2983,https://storage.googleapis.com/rohm-websoccer-info/images/player/static/m/2562.gif
img30,11,2229,ジャミ・ナバーロ,PS,1772,1:5 2:7 26:6 50:6 50:7 55:7 57:6 73:7 83:6 84:5 102:7,485 809 922 1772 705 1272,https://storage.googleapis.com/rohm-websoccer-info/images/player/static/m/2296.gif
img228,11,2410,バリエ,PS,1966,6:5 22:6 25:7 31:8 38:6 53:6 60:8 66:6 90:6 94:6 95:7,1462 1537 1825 1966 2446,https://storage.googleapis.com/rohm-websoccer-info/images/player/static/m/2486.gif
img227,11,2551,バリエ,PS,1966,6:5 22:6 25:7 31:8 38:6 53:6 60:8 66:6 90:6 94:6 95:7,1462 1537 1825 1966 2446,https://storage.googleapis.com/rohm-websoccer-info/images/player/static/m/2625.gif
img350,11,2034,ベト,PS,1716,35:4 53:3 55:4 62:4 66:4 69:4 71:3 76:3 86:3 89:3 98:3,1012 789 923 1447 1716 1889 650 892,https://storage.googleapis.com/rohm-websoccer-info/images/player/static/m/2105.gif
img351,11,2388,ベト,PS,1716,35:4 53:3 55:4 62:4 66:4 69:4 71:3 76:3 86:3 89:3 98:3,1012 789 923 1447 1716 1889 650 892,https://storage.googleapis.com/rohm-websoccer-info/images/player/static/m/2445.gif
img88,11,2228,マルゲリータ,PS,1184,2:4 50:4 53:3 66:4 69:2 84:3 88:3 89:3 89:4 90:3 105:4,197 648 1184 1715,https://storage.googleapis.com/rohm-websoccer-info/images/player/static/m/2308.gif
img35,11,2056,マルシオ,PS,2913,1:6 12:5 27:5 37:5 46:5 50:5 54:5 66:5 80:5 87:5 89:5,1004 728 924 1905 2913 3009,https://storage.googleapis.com/rohm-websoccer-info/images/player/static/m/2106.gif
img36,11,2481,マルシオ,PS,2913,1:6 12:5 27:5 37:5 46:5 50:5 54:5 66:5 80:5 87:5 89:5,1004 728 924 1905 2913 3009,https://storage.googleapis.com/rohm-websoccer-info/images/player/static/m/2560.gif
img396,11,1584,マルシーニョ,PS,1197,45:4 48:3 69:2 76:4 78:4 79:2 80:3 85:3 87:4 90:3 90:4,492 1197 1642,https://storage.googleapis.com/rohm-websoccer-info/images/player/static/m/1695.gif
img140,11,943,ロハス,PS,2068,2:10 7:10 11:9 29:11 43:10 68:10 74:11 78:11 84:11 107:11 116:10,2894 2068 234,https://storage.googleapis.com/rohm-websoccer-info/images/player/static/m/1063.gif
img139,11,1988,ロハス,PS,2068,2:10 7:10 11:9 29:11 43:10 68:10 74:11 78:11 84:11 107:11 116:10,2894 2068 234,https://storage.googleapis.com/rohm-websoccer-info/images/player/static/m/2074.gif
img10,11,2014,ローズ,PS,2405,1:3 26:4 32:3 50:4 54:4 66:3 72:3 87:3 100:3 103:3 109:3,597 730 1320 2128 2219 2261 2405 868 1156,https://storage.googleapis.com/rohm-websoccer-info/images/player/static/m/2093.gif
img9,11,2413,ローズ,PS,2405,1:3 26:4 32:3 50:4 54:4 66:3 72:3 87:3 100:3 103:3 109:3,597 730 1320 2128 2219 2261 2405 868 1156,https://storage.googleapis.com/rohm-websoccer-info/images/player/static/m/2488.gif
img75,11,1244,ヴァイツゼッカー,PS,2391,2:2 28:4 38:4 39:5 48:3 51:2 64:3 71:4 78:3 78:4 90:4,514 833 2391 658,https://storage.googleapis.com/rohm-websoccer-info/images/player/static/m/1388.gif
img74,11,2040,ヴァイツゼッカー,PS,2391,2:2 28:4 38:4 39:5 48:3 51:2 64:3 71:4 78:3 78:4 90:4,514 833 2391 658,https://storage.googleapis.com/rohm-websoccer-info/images/player/static/m/2111.gif
img279,11,1546,ヴェラルディ,PS,2062,17:7 23:6 38:6 58:7 60:8 64:7 66:6 80:6 83:8 91:6 94:8,1947 839 1442 1826 2062 1060,https://storage.googleapis.com/rohm-websoccer-info/images/player/static/m/1639.gif
img278,11,2047,ヴェラルディ,PS,2062,17:7 23:6 38:6 58:7 60:8 64:7 66:6 80:6 83:8 91:6 94:8,1947 839 1442 1826 2062 1060,https://storage.googleapis.com/rohm-websoccer-info/images/player/static/m/2095.gif
img146,10,2392,オーフェン,PS,1771,2:11 3:11 4:11 18:11 23:11 32:11 47:9 57:9 65:9 91:11,33 3172 1771 845,https://storage.googleapis.com/rohm-websoccer-info/images/player/static/m/2457.gif
img282,10,2589,ジャンニケッダ,PS,1163,18:6 31:5 35:2 50:5 84:4 93:2 101:5 103:4 105:5 112:5,259 1163,https://storage.googleapis.com/rohm-websoccer-info/images/player/static/m/2670.gif
img389,10,2026,ジルベール,PS,1362,38:11 48:10 53:9 66:8 78:10 84:10 90:9 97:10 103:10 109:10,696 758 1362 1436 1851 2149 2426 2670 1345,https://storage.googleapis.com/rohm-websoccer-info/images/player/static/m/2090.gif
img334,10,1847,ヒューズ,PS,1111,32:8 38:8 46:6 59:7 73:8 78:6 78:7 93:6 101:9 104:7,453 774 1111 1452 847,https://storage.googleapis.com/rohm-websoccer-info/images/player/static/m/1929.gif
img120,10,1152,ビデラ,PS,1170,2:8 6:7 10:8 13:7 28:7 32:8 57:7 73:9 75:8 87:7,686 783 1170 1680 1757 1977 2176 2622,https://storage.googleapis.com/rohm-websoccer-info/images/player/static/m/1253.gif
img119,10,1549,ビデラ,PS,1170,2:8 6:7 10:8 13:7 28:7 32:8 57:7 73:9 75:8 87:7,686 783 1170 1680 1757 1977 2176 2622,https://storage.googleapis.com/rohm-websoccer-info/images/player/static/m/1651.gif
img172,10,2235,フィルレロ,PS,1358,3:2 4:2 50:2 60:2 77:2 81:5 83:2 84:4 87:2 104:2,1358 891,https://storage.googleapis.com/rohm-websoccer-info/images/player/static/m/2278.gif
img148,10,2393,ヘンリ,PS,2173,2:11 18:11 22:11 27:11 32:11 47:10 57:11 73:10 104:11 106:11,238 1106 1789 2173 1151 677,https://storage.googleapis.com/rohm-websoccer-info/images/player/static/m/2438.gif
img365,10,1779,マキシム,PS,1408,36:4 38:3 48:4 50:3 77:3 80:4 87:3 104:3 104:4 111:4,1049 1408 2061,https://storage.googleapis.com/rohm-websoccer-info/images/player/static/m/1842.gif
img364,10,2164,マキシム,PS,1408,36:4 38:3 48:4 50:3 77:3 80:4 87:3 104:3 104:4 111:4,1049 1408 2061,https://storage.googleapis.com/rohm-websoccer-info/images/player/static/m/2268.gif
img123,10,985,マルティ,PS,915,2:9 20:9 26:9 69:7 73:6 78:9 84:5 84:7 84:9 109:7,915,https://storage.googleapis.com/rohm-websoccer-info/images/player/static/m/1102.gif
img124,10,2603,マルティ,PS,915,2:9 20:9 26:9 69:7 73:6 78:9 84:5 84:7 84:9 109:7,915,https://storage.googleapis.com/rohm-websoccer-info/images/player/static/m/2680.gif
img143,10,2257,ルンベルグ,PS,2388,2:10 3:9 8:10 10:10 23:10 26:10 51:10 53:11 83:10 91:10,2388,https://storage.googleapis.com/rohm-websoccer-info/images/player/static/m/2322.gif
img213,9,980,アルフォンス,PS,1482,3:10 16:10 26:10 35:10 53:10 53:11 78:11 90:10 92:11,2146 938 1482,https://storage.googleapis.com/rohm-websoccer-info/images/player/static/m/1082.gif
img214,9,2255,アルフォンス,PS,1482,3:10 16:10 26:10 35:10 53:10 53:11 78:11 90:10 92:11,2146 938 1482,https://storage.googleapis.com/rohm-websoccer-info/images/player/static/m/2346.gif
img147,9,987,オーフェン,PS,1771,2:11 3:11 4:11 18:11 23:11 47:9 57:9 65:9 91:11,33 3172 1771 845,https://storage.googleapis.com/rohm-websoccer-info/images/player/static/m/1107.gif
img390,9,2062,グルダ,PS,2305,39:6 48:5 50:5 64:5 71:5 84:4 85:5 90:5 103:4,1188 1087 1432 1999 2305 2432 2487,https://storage.googleapis.com/rohm-websoccer-info/images/player/static/m/2128.gif
img391,9,3151,グルダ,PS,2305,39:6 48:5 50:5 64:5 71:5 84:4 85:5 90:5 103:4,1188 1087 1432 1999 2305 2432 2487,https://storage.googleapis.com/rohm-websoccer-info/images/player/static/m/3222.gif
img103,9,2145,シュバイツァー,PS,1515,2:6 48:6 57:7 69:8 71:6 81:6 90:7 100:6 103:7,462 829 1086 1515 854 663,https://storage.googleapis.com/rohm-websoccer-info/images/player/static/m/2220.gif
img104,9,2433,シュバイツァー,PS,1515,2:6 48:6 57:7 69:8 71:6 81:6 90:7 100:6 103:7,462 829 1086 1515 854 663,https://storage.googleapis.com/rohm-websoccer-info/images/player/static/m/2536.gif
img379,9,1500,ダボ,PS,1504,38:5 47:4 53:5 55:5 61:5 64:5 75:4 76:5 81:4,1504,https://storage.googleapis.com/rohm-websoccer-info/images/player/static/m/1626.gif
img378,9,1652,ダボ,PS,1504,38:5 47:4 53:5 55:5 61:5 64:5 75:4 76:5 81:4,1504,https://storage.googleapis.com/rohm-websoccer-info/images/player/static/m/1743.gif
img216,9,1006,バートン,PS,1577,3:10 38:10 43:11 51:10 71:11 76:10 78:11 90:10 102:11,644 1577,https://storage.googleapis.com/rohm-websoccer-info/images/player/static/m/1106.gif
img215,9,1529,バートン,PS,1577,3:10 38:10 43:11 51:10 71:11 76:10 78:11 90:10 102:11,644 1577,https://storage.googleapis.com/rohm-websoccer-info/images/player/static/m/1624.gif
img95,9,1393,パウレタ,PS,746,2:5 3:2 38:2 48:2 51:5 55:2 57:5 77:2 93:2,746 1566 1601 1029,https://storage.googleapis.com/rohm-websoccer-info/images/player/static/m/1485.gif
img96,9,2032,パウレタ,PS,746,2:5 3:2 38:2 48:2 51:5 55:2 57:5 77:2 93:2,746 1566 1601 1029,https://storage.googleapis.com/rohm-websoccer-info/images/player/static/m/2132.gif
img212,9,1683,ファビオ・カスタン,PS,1361,3:10 9:11 43:10 51:10 53:10 76:10 78:11 90:10 109:11,1037 802 1361 1901 2152 888 971,https://storage.googleapis.com/rohm-websoccer-info/images/player/static/m/1759.gif
img211,9,2505,ファビオ・カスタン,PS,1361,3:10 9:11 43:10 51:10 53:10 76:10 78:11 90:10 109:11,1037 802 1361 1901 2152 888 971,https://storage.googleapis.com/rohm-websoccer-info/images/player/static/m/2577.gif
img328,9,1442,ファン・デルリース,PS,778,28:11 36:11 43:10 47:10 53:11 56:11 61:11 87:11 104:11,488 778 1258 1382 1501 1987 848 856,https://storage.googleapis.com/rohm-websoccer-info/images/player/static/m/1517.gif
img327,9,2444,ファン・デルリース,PS,778,28:11 36:11 43:10 47:10 53:11 56:11 61:11 87:11 104:11,488 778 1258 1382 1501 1987 848 856,https://storage.googleapis.com/rohm-websoccer-info/images/player/static/m/2532.gif
img343,9,1624,フロート,PS,936,34:7 39:7 50:8 56:6 66:7 78:6 84:7 98:9 109:8,1020 828 936 1083 1928 2914 2926 666,https://storage.googleapis.com/rohm-websoccer-info/images/player/static/m/1712.gif
img344,9,2049,フロート,PS,936,34:7 39:7 50:8 56:6 66:7 78:6 84:7 98:9 109:8,1020 828 936 1083 1928 2914 2926 666,https://storage.googleapis.com/rohm-websoccer-info/images/player/static/m/2107.gif
img329,9,2254,ヘラルト,PS,1251,31:1 44:1 50:1 66:1 84:1 86:1 90:1 94:1 104:1,183 1251 878,https://storage.googleapis.com/rohm-websoccer-info/images/player/static/m/2347.gif
img149,9,2343,ヘンリ,PS,2173,2:11 18:11 22:11 27:11 32:11 47:10 87:10 104:11 106:11,238 1106 1789 2173 1151 677,https://storage.googleapis.com/rohm-websoccer-info/images/player/static/m/2422.gif
img112,9,2590,ベルッチ,PS,1293,2:7 32:6 51:3 64:6 69:7 77:6 81:6 87:6 101:6,1013 818 1293 711,https://storage.googleapis.com/rohm-websoccer-info/images/player/static/m/2665.gif
img178,9,2111,ペコ,PS,1894,3:3 48:4 50:3 62:3 64:4 66:3 69:3 87:3 104:4,481 813 963 1717 1894 714 900 1146,https://storage.googleapis.com/rohm-websoccer-info/images/player/static/m/2180.gif
img179,9,2731,ペコ,PS,1894,3:3 48:4 50:3 62:3 64:4 66:3 69:3 87:3 104:4,481 813 963 1717 1894 714 900 1146,https://storage.googleapis.com/rohm-websoccer-info/images/player/static/m/2805.gif
img395,9,1552,ラファエロ,PS,742,44:11 46:10 47:11 55:9 55:10 55:11 65:10 69:10 87:10,507 742 1576 1613 1840 2179 2484 2750,https://storage.googleapis.com/rohm-websoccer-info/images/player/static/m/1633.gif
img261,9,1095,レイナウド,PS,983,13:9 33:10 35:9 47:8 50:10 50:11 69:9 87:9 109:10,636 983,https://storage.googleapis.com/rohm-websoccer-info/images/player/static/m/1194.gif
img260,9,2457,レイナウド,PS,983,13:9 33:10 35:9 47:8 50:10 50:11 69:9 87:9 109:10,636 983,https://storage.googleapis.com/rohm-websoccer-info/images/player/static/m/2527.gif
img265,8,921,アディラ,PS,1136,14:3 22:3 28:3 43:3 47:4 50:4 51:4 77:3,261 1136,https://storage.googleapis.com/rohm-websoccer-info/images/player/static/m/1052.gif
img264,8,1997,アディラ,PS,1136,14:3 22:3 28:3 43:3 47:4 50:4 51:4 77:3,261 1136,https://storage.googleapis.com/rohm-websoccer-info/images/player/static/m/2068.gif
img275,8,1666,ウォーカー,PS,2601,17:3 38:4 64:3 69:2 78:3 78:4 90:4 102:3,454 1356 2601 674 844 1100,https://storage.googleapis.com/rohm-websoccer-info/images/player/static/m/1766.gif
img322,8,1830,カルロス・グスマン,PS,1319,28:5 38:6 48:7 53:6 54:7 61:8 80:6 87:6,726 1319,https://storage.googleapis.com/rohm-websoccer-info/images/player/static/m/1909.gif
img321,8,2052,カルロス・グスマン,PS,1319,28:5 38:6 48:7 53:6 54:7 61:8 80:6 87:6,726 1319,https://storage.googleapis.com/rohm-websoccer-info/images/player/static/m/2137.gif
img276,8,1358,ササ・トーレ,PS,1573,17:7 38:8 46:6 53:7 58:8 59:7 73:8 78:7,591 753 1573 1068,https://storage.googleapis.com/rohm-websoccer-info/images/player/static/m/1437.gif
img277,8,2063,ササ・トーレ,PS,1573,17:7 38:8 46:6 53:7 58:8 59:7 73:8 78:7,591 753 1573 1068,https://storage.googleapis.com/rohm-websoccer-info/images/player/static/m/2129.gif
img235,8,1854,ジノラ,PS,913,8:9 22:9 50:11 69:9 103:9 104:8 109:7 109:8,84 913 1183 1217 1431 1723 2969,https://storage.googleapis.com/rohm-websoccer-info/images/player/static/m/1940.gif
img234,8,3523,ジノラ,PS,913,8:9 22:9 50:11 69:9 103:9 104:8 109:7 109:8,84 913 1183 1217 1431 1723 2969,https://storage.googleapis.com/rohm-websoccer-info/images/player/static/m/3599.gif
img76,8,1135,ジーノ,PS,1181,2:3 10:3 12:3 23:4 43:3 67:4 87:3 91:4,1181,https://storage.googleapis.com/rohm-websoccer-info/images/player/static/m/1251.gif
img77,8,1511,ジーノ,PS,1181,2:3 10:3 12:3 23:4 43:3 67:4 87:3 91:4,1181,https://storage.googleapis.com/rohm-websoccer-info/images/player/static/m/1606.gif
img137,8,1083,ズラタノビッチ,PS,1543,2:10 6:10 16:11 43:10 53:10 78:11 87:11 97:11,478 1213 1433 1543 2191 2208 2339 2603 720 871 1157,https://storage.googleapis.com/rohm-websoccer-info/images/player/static/m/1182.gif
img138,8,2318,ズラタノビッチ,PS,1543,2:10 6:10 16:11 43:10 53:10 78:11 87:11 97:11,478 1213 1433 1543 2191 2208 2339 2603 720 871 1157,https://storage.googleapis.com/rohm-websoccer-info/images/player/static/m/2394.gif
img403,8,1369,ダニーロ,PS,1088,46:4 49:3 61:5 69:2 71:4 73:5 78:4 90:4,1088,https://storage.googleapis.com/rohm-websoccer-info/images/player/static/m/1454.gif
img402,8,2039,ダニーロ,PS,1088,46:4 49:3 61:5 69:2 71:4 73:5 78:4 90:4,1088,https://storage.googleapis.com/rohm-websoccer-info/images/player/static/m/2138.gif
img412,8,925,トレカ,PS,1121,48:11 51:10 53:11 66:10 68:10 70:11 83:11 84:11,1121,https://storage.googleapis.com/rohm-websoccer-info/images/player/static/m/1036.gif
img411,8,1512,トレカ,PS,1121,48:11 51:10 53:11 66:10 68:10 70:11 83:11 84:11,1121,https://storage.googleapis.com/rohm-websoccer-info/images/player/static/m/1604.gif
img155,8,1475,ブッチ,PS,822,3:1 28:1 36:1 38:1 47:1 48:1 50:1 54:1,169 822 1177 1725 1938 2904,https://storage.googleapis.com/rohm-websoccer-info/images/player/static/m/1565.gif
img154,8,1946,ブッチ,PS,822,3:1 28:1 36:1 38:1 47:1 48:1 50:1 54:1,169 822 1177 1725 1938 2904,https://storage.googleapis.com/rohm-websoccer-info/images/player/static/m/2026.gif
img165,8,2018,ブッチ,PS,1938,3:1 38:1 48:1 51:1 55:1 61:1 78:1 89:1,169 822 1177 1725 1938 2904,https://storage.googleapis.com/rohm-websoccer-info/images/player/static/m/2120.gif
img226,8,992,ヘルシンボリ,PS,1376,5:7 17:9 20:6 35:8 53:8 71:7 80:8 90:9,1376 676,https://storage.googleapis.com/rohm-websoccer-info/images/player/static/m/1122.gif
img225,8,2450,ヘルシンボリ,PS,1376,5:7 17:9 20:6 35:8 53:8 71:7 80:8 90:9,1376 676,https://storage.googleapis.com/rohm-websoccer-info/images/player/static/m/2496.gif
img397,8,2449,マルシーニョ,PS,1197,45:4 69:2 76:4 79:2 80:3 87:4 90:3 90:4,492 1197 1642,https://storage.googleapis.com/rohm-websoccer-info/images/player/static/m/2530.gif
img394,8,2353,ラファエロ,PS,742,44:11 46:10 47:11 55:9 55:11 65:10 69:10 87:10,507 742 1576 1613 1840 2179 2484 2750,https://storage.googleapis.com/rohm-websoccer-info/images/player/static/m/2412.gif
img359,8,2474,ルカリッチ,PS,2006,35:9 50:8 65:8 66:7 69:7 80:9 96:8 109:7,607 734 929 1434 1842 2006 2434 2688 3132,https://storage.googleapis.com/rohm-websoccer-info/images/player/static/m/2558.gif
img358,8,2838,ルカリッチ,PS,2006,35:9 50:8 65:8 66:7 69:7 80:9 96:8 109:7,607 734 929 1434 1842 2006 2434 2688 3132,https://storage.googleapis.com/rohm-websoccer-info/images/player/static/m/2914.gif
img485,8,1629,ルシアーノ・パレイラ,PS,1311,66:7 69:7 71:9 80:9 84:7 86:8 99:6 114:8,688 1311,https://storage.googleapis.com/rohm-websoccer-info/images/player/static/m/1714.gif
img484,8,2453,ルシアーノ・パレイラ,PS,1311,66:7 69:7 71:9 80:9 84:7 86:8 99:6 114:8,688 1311,https://storage.googleapis.com/rohm-websoccer-info/images/player/static/m/2511.gif
img83,8,1502,ヴィルヘルム,PS,1809,2:3 3:5 5:3 26:6 34:6 57:6 87:3 92:3,459 1809 2337 2365,https://storage.googleapis.com/rohm-websoccer-info/images/player/static/m/1619.gif
img84,8,2296,ヴィルヘルム,PS,1809,2:3 3:5 5:3 26:6 34:6 57:6 87:3 92:3,459 1809 2337 2365,https://storage.googleapis.com/rohm-websoccer-info/images/player/static/m/2373.gif
img181,8,2478,ヴェローム,PS,1945,3:3 63:4 68:4 76:3 76:4 80:3 89:3 95:3,1593 932 1824 1945 2476,https://storage.googleapis.com/rohm-websoccer-info/images/player/static/m/2549.gif
img180,8,2788,ヴェローム,PS,1945,3:3 63:4 68:4 76:3 76:4 80:3 89:3 95:3,1593 932 1824 1945 2476,https://storage.googleapis.com/rohm-websoccer-info/images/player/static/m/2865.gif
img222,7,1532,オーフェン,PS,1771,3:11 4:11 18:11 32:11 47:9 57:9 65:9,33 3172 1771 845,https://storage.googleapis.com/rohm-websoccer-info/images/player/static/m/1594.gif
img73,7,2378,グリン,PS,2151,2:2 64:5 65:5 66:4 71:3 73:3 105:4,769 1886 2151 2161 683 970,https://storage.googleapis.com/rohm-websoccer-info/images/player/static/m/2451.gif
img331,7,996,コスクーロ,PS,987,31:3 43:4 50:2 67:3 69:3 72:3 94:4,987,https://storage.googleapis.com/rohm-websoccer-info/images/player/static/m/1085.gif
img330,7,2269,コスクーロ,PS,987,31:3 43:4 50:2 67:3 69:3 72:3 94:4,987,https://storage.googleapis.com/rohm-websoccer-info/images/player/static/m/2335.gif
img372,7,1271,ディエゴ・サレス,PS,1564,37:6 43:8 46:8 48:8 50:9 80:8 90:8,504 804 1564 1900 2177 710 1069,https://storage.googleapis.com/rohm-websoccer-info/images/player/static/m/1409.gif
img371,7,1359,ディエゴ・サレス,PS,1564,37:6 43:8 46:8 48:8 50:9 80:8 90:8,504 804 1564 1900 2177 710 1069,https://storage.googleapis.com/rohm-websoccer-info/images/player/static/m/1436.gif
img223,7,2857,デル・モンテ,PS,2023,4:1 50:1 53:1 69:1 90:1 103:1 104:1,1006 1259 1892 1968 2023,https://storage.googleapis.com/rohm-websoccer-info/images/player/static/m/2933.gif
img224,7,3313,デル・モンテ,PS,2023,4:1 50:1 53:1 69:1 90:1 103:1 104:1,1006 1259 1892 1968 2023,https://storage.googleapis.com/rohm-websoccer-info/images/player/static/m/3386.gif
img352,7,1625,ドミンゲス,PS,937,35:8 50:9 53:9 84:10 90:8 90:9 92:9,691 747 937 1870 969,https://storage.googleapis.com/rohm-websoccer-info/images/player/static/m/1713.gif
img353,7,2611,ドミンゲス,PS,937,35:8 50:9 53:9 84:10 90:8 90:9 92:9,691 747 937 1870 969,https://storage.googleapis.com/rohm-websoccer-info/images/player/static/m/2696.gif
img198,7,1420,ヒューズ,PS,774,3:7 38:8 69:8 71:6 80:6 87:7 103:7,453 774 1111 1452 847,https://storage.googleapis.com/rohm-websoccer-info/images/player/static/m/1513.gif
img197,7,2437,ヒューズ,PS,774,3:7 38:8 69:8 71:6 80:6 87:7 103:7,453 774 1111 1452 847,https://storage.googleapis.com/rohm-websoccer-info/images/player/static/m/2505.gif
img66,7,1144,フェラーリ,PS,1165,2:2 2:3 3:3 35:3 93:3 93:4 107:3,1165,https://storage.googleapis.com/rohm-websoccer-info/images/player/static/m/1240.gif
img67,7,1952,フェラーリ,PS,1165,2:2 2:3 3:3 35:3 93:3 93:4 107:3,1165,https://storage.googleapis.com/rohm-websoccer-info/images/player/static/m/2022.gif
img434,7,2475,フロート,PS,2914,50:8 84:7 87:8 102:9 103:6 106:8 109:8,1020 828 936 1083 1928 2914 2926 666,https://storage.googleapis.com/rohm-websoccer-info/images/player/static/m/2559.gif
img433,7,3838,フロート,PS,2914,50:8 84:7 87:8 102:9 103:6 106:8 109:8,1020 828 936 1083 1928 2914 2926 666,https://storage.googleapis.com/rohm-websoccer-info/images/player/static/m/3908.gif
img287,7,1143,吉田　友樹,PS,1215,20:5 35:5 48:5 49:5 62:5 71:5 76:5,487 1215 1872 2580 2661,https://storage.googleapis.com/rohm-websoccer-info/images/player/static/m/1231.gif
img288,7,1293,吉田　友樹,PS,1215,20:5 35:5 48:5 49:5 62:5 71:5 76:5,487 1215 1872 2580 2661,https://storage.googleapis.com/rohm-websoccer-info/images/player/static/m/1325.gif
img273,6,3507,ウォーカー,PS,2601,17:3 69:2 78:3 78:4 90:4 102:3,454 1356 2601 674 844 1100,https://storage.googleapis.com/rohm-websoccer-info/images/player/static/m/3581.gif
img184,6,2424,エルニーニョ,PS,1781,3:4 28:3 50:3 71:4 80:4 87:3,450 1357 1781,https://storage.googleapis.com/rohm-websoccer-info/images/player/static/m/2523.gif
img185,6,2635,エルニーニョ,PS,1781,3:4 28:3 50:3 71:4 80:4 87:3,450 1357 1781,https://storage.googleapis.com/rohm-websoccer-info/images/player/static/m/2700.gif
img220,6,1802,クーベルダン,PS,1535,3:11 10:11 23:11 60:11 71:10 91:11,2009 1535 1829 1944 2007 2147 2448 1033,https://storage.googleapis.com/rohm-websoccer-info/images/player/static/m/1897.gif
img219,6,2300,クーベルダン,PS,1535,3:11 10:11 23:11 60:11 71:10 91:11,2009 1535 1829 1944 2007 2147 2448 1033,https://storage.googleapis.com/rohm-websoccer-info/images/player/static/m/2376.gif
img450,6,2226,ゴーン,PS,1811,53:1 55:1 64:1 69:1 73:1 87:1,269 1080 1811,https://storage.googleapis.com/rohm-websoccer-info/images/player/static/m/2310.gif
img449,6,2632,ゴーン,PS,1811,53:1 55:1 64:1 69:1 73:1 87:1,269 1080 1811,https://storage.googleapis.com/rohm-websoccer-info/images/player/static/m/2727.gif
img116,6,1582,ジエゴ・アルカラス,PS,2306,2:7 64:8 65:7 71:9 84:7 103:6,2017 1688 1679 2306 2561,https://storage.googleapis.com/rohm-websoccer-info/images/player/static/m/1671.gif
img115,6,3153,ジエゴ・アルカラス,PS,2306,2:7 64:8 65:7 71:9 84:7 103:6,2017 1688 1679 2306 2561,https://storage.googleapis.com/rohm-websoccer-info/images/player/static/m/3223.gif
img435,6,2210,ジャミ,PS,2951,50:8 64:8 77:7 84:7 103:6 109:8,465 805 950 1520 1974 2171 2951 706 898,https://storage.googleapis.com/rohm-websoccer-info/images/player/static/m/2289.gif
img436,6,2623,ジャミ,PS,2951,50:8 64:8 77:7 84:7 103:6 109:8,465 805 950 1520 1974 2171 2951 706 898,https://storage.googleapis.com/rohm-websoccer-info/images/player/static/m/2704.gif
img113,6,2637,ジャミ・ナバーロ,PS,1772,2:7 26:6 50:6 50:7 51:7 69:7,485 809 922 1772 705 1272,https://storage.googleapis.com/rohm-websoccer-info/images/player/static/m/2705.gif
img201,6,1440,スライダー,PS,780,3:8 38:7 61:9 87:8 87:9 106:10,474 780 1193 1645 2964,https://storage.googleapis.com/rohm-websoccer-info/images/player/static/m/1521.gif
img202,6,2458,スライダー,PS,780,3:8 38:7 61:9 87:8 87:9 106:10,474 780 1193 1645 2964,https://storage.googleapis.com/rohm-websoccer-info/images/player/static/m/2533.gif
img129,6,1627,トット,PS,1290,2:9 26:11 53:11 81:9 82:10 87:9,115 1290 906,https://storage.googleapis.com/rohm-websoccer-info/images/player/static/m/1720.gif
img130,6,2225,トット,PS,1290,2:9 26:11 53:11 81:9 82:10 87:9,115 1290 906,https://storage.googleapis.com/rohm-websoccer-info/images/player/static/m/2305.gif
img50,6,1524,ドラビッチ,PS,1499,1:9 26:9 32:9 43:8 64:10 83:9,117 1499 3036,https://storage.googleapis.com/rohm-websoccer-info/images/player/static/m/1600.gif
img49,6,2256,ドラビッチ,PS,1499,1:9 26:9 32:9 43:8 64:10 83:9,117 1499 3036,https://storage.googleapis.com/rohm-websoccer-info/images/player/static/m/2368.gif
img203,6,1585,バスラー,PS,1324,3:8 48:8 57:10 92:8 103:8 103:9,1324,https://storage.googleapis.com/rohm-websoccer-info/images/player/static/m/1688.gif
img204,6,2270,バスラー,PS,1324,3:8 48:8 57:10 92:8 103:8 103:9,1324,https://storage.googleapis.com/rohm-websoccer-info/images/player/static/m/2332.gif
img385,6,1687,ファリアス,PS,1385,38:9 47:9 57:9 65:9 78:8 97:9,524 782 1385 2163 1067,https://storage.googleapis.com/rohm-websoccer-info/images/player/static/m/1753.gif
img384,6,2070,ファリアス,PS,1385,38:9 47:9 57:9 65:9 78:8 97:9,524 782 1385 2163 1067,https://storage.googleapis.com/rohm-websoccer-info/images/player/static/m/2110.gif
img189,6,1197,フィゲロア,PS,918,3:5 10:3 18:8 35:4 83:3 104:3,918,https://storage.googleapis.com/rohm-websoccer-info/images/player/static/m/1278.gif
img188,6,2596,フィゲロア,PS,918,3:5 10:3 18:8 35:4 83:3 104:3,918,https://storage.googleapis.com/rohm-websoccer-info/images/player/static/m/2681.gif
img161,6,1979,ベア・フォイオルゲン,PS,1265,3:1 35:1 48:1 84:1 90:1 104:1,1742 1265,https://storage.googleapis.com/rohm-websoccer-info/images/player/static/m/2053.gif
img162,6,2816,ベア・フォイオルゲン,PS,1265,3:1 35:1 48:1 84:1 90:1 104:1,1742 1265,https://storage.googleapis.com/rohm-websoccer-info/images/player/static/m/2896.gif
img187,6,1384,ベッテル,PS,761,3:5 38:6 52:6 53:6 62:6 71:6,1054 761 2035 2751,https://storage.googleapis.com/rohm-websoccer-info/images/player/static/m/1500.gif
img186,6,2103,ベッテル,PS,761,3:5 38:6 52:6 53:6 62:6 71:6,1054 761 2035 2751,https://storage.googleapis.com/rohm-websoccer-info/images/player/static/m/2165.gif
img45,6,1235,ランフォード,PS,1112,1:8 37:7 38:8 62:8 64:7 88:8,449 773 1112 2378 2600 2940 883 679,https://storage.googleapis.com/rohm-websoccer-info/images/player/static/m/1398.gif
img46,6,1850,ランフォード,PS,1112,1:8 37:7 38:8 62:8 64:7 88:8,449 773 1112 2378 2600 2940 883 679,https://storage.googleapis.com/rohm-websoccer-info/images/player/static/m/1930.gif
img255,6,965,リカルド,PS,1596,10:9 20:9 32:9 78:9 83:9 92:8,1018 1596,https://storage.googleapis.com/rohm-websoccer-info/images/player/static/m/1057.gif
img254,6,1647,リカルド,PS,1596,10:9 20:9 32:9 78:9 83:9 92:8,1018 1596,https://storage.googleapis.com/rohm-websoccer-info/images/player/static/m/1727.gif
img263,6,963,ロジェーリオ,PS,1122,13:10 23:10 27:11 28:9 69:10 91:10,1122,https://storage.googleapis.com/rohm-websoccer-info/images/player/static/m/1032.gif
img262,6,1527,ロジェーリオ,PS,1122,13:10 23:10 27:11 28:9 69:10 91:10,1122,https://storage.googleapis.com/rohm-websoccer-info/images/player/static/m/1595.gif
img81,6,2290,ヴァザーリ,PS,1719,2:3 18:4 31:4 43:3 67:4 72:3,588 976 1719 2899 1220,https://storage.googleapis.com/rohm-websoccer-info/images/player/static/m/2338.gif
img82,6,2365,ヴァザーリ,PS,1719,2:3 18:4 31:4 43:3 67:4 72:3,588 976 1719 2899 1220,https://storage.googleapis.com/rohm-websoccer-info/images/player/static/m/2452.gif
img407,5,2175,アウアー,PS,1091,47:1 61:1 64:1 71:1 76:1,513 835 1091 1649 1922 1997 2924 660,https://storage.googleapis.com/rohm-websoccer-info/images/player/static/m/2248.gif
img445,5,1418,アウラ,PS,784,51:5 55:2 57:5 70:5 75:6,784,https://storage.googleapis.com/rohm-websoccer-info/images/player/static/m/1525.gif
img446,5,1932,アウラ,PS,784,51:5 55:2 57:5 70:5 75:6,784,https://storage.googleapis.com/rohm-websoccer-info/images/player/static/m/2019.gif
img375,5,2022,アルリスビエタ,PS,1366,38:2 47:5 61:6 78:5 90:5,1546 811 1366 2811,https://storage.googleapis.com/rohm-websoccer-info/images/player/static/m/2088.gif
img291,5,2237,オーフェン,PS,1771,23:11 47:9 57:9 65:9 91:11,33 3172 1771 845,https://storage.googleapis.com/rohm-websoccer-info/images/player/static/m/2301.gif
img141,5,2993,カクタ,PS,2162,2:10 3:10 87:11 90:10 102:11,3142 757 1694 1852 2162 2427 2671 2842 3090 697,https://storage.googleapis.com/rohm-websoccer-info/images/player/static/m/3069.gif
img142,5,3400,カクタ,PS,2162,2:10 3:10 87:11 90:10 102:11,3142 757 1694 1852 2162 2427 2671 2842 3090 697,https://storage.googleapis.com/rohm-websoccer-info/images/player/static/m/3472.gif
img72,5,1330,グリン,PS,2151,2:2 65:5 66:4 71:3 105:4,769 1886 2151 2161 683 970,https://storage.googleapis.com/rohm-websoccer-info/images/player/static/m/1431.gif
img491,5,1499,ゴドフロア,PS,1787,69:2 69:4 77:4 86:3 87:4,1050 980 1485 1787 910,https://storage.googleapis.com/rohm-websoccer-info/images/player/static/m/1592.gif
img490,5,3435,ゴドフロア,PS,1787,69:2 69:4 77:4 86:3 87:4,1050 980 1485 1787 910,https://storage.googleapis.com/rohm-websoccer-info/images/player/static/m/3514.gif
img108,5,1548,ジャイルジーニョ,PS,1565,2:6 14:6 37:8 48:6 90:7,1392 1565 1908 2178 2333,https://storage.googleapis.com/rohm-websoccer-info/images/player/static/m/1634.gif
img109,5,2059,ジャイルジーニョ,PS,1565,2:6 14:6 37:8 48:6 90:7,1392 1565 1908 2178 2333,https://storage.googleapis.com/rohm-websoccer-info/images/player/static/m/2130.gif
img405,5,1767,チュリッチ,PS,1413,46:9 50:8 78:9 86:8 89:9,1419 1413 2194 2316,https://storage.googleapis.com/rohm-websoccer-info/images/player/static/m/1846.gif
img404,5,2061,チュリッチ,PS,1413,46:9 50:8 78:9 86:8 89:9,1419 1413 2194 2316,https://storage.googleapis.com/rohm-websoccer-info/images/player/static/m/2100.gif
img307,5,1631,デス・ピサロ,PS,2958,26:11 50:11 67:11 93:11 104:11,108 1158 2903 2958 904,https://storage.googleapis.com/rohm-websoccer-info/images/player/static/m/1719.gif
img306,5,2230,デス・ピサロ,PS,2958,26:11 50:11 67:11 93:11 104:11,108 1158 2903 2958 904,https://storage.googleapis.com/rohm-websoccer-info/images/player/static/m/2304.gif
img304,5,1936,デラクルス,PS,1599,26:11 27:11 55:9 69:11 106:9,1599,https://storage.googleapis.com/rohm-websoccer-info/images/player/static/m/2012.gif
img305,5,1989,デラクルス,PS,1599,26:11 27:11 55:9 69:11 106:9,1599,https://storage.googleapis.com/rohm-websoccer-info/images/player/static/m/2071.gif
img93,5,2046,トレッリ,PS,1958,2:4 32:4 50:3 64:4 90:4,1539 3113 1175 1958 2421,https://storage.googleapis.com/rohm-websoccer-info/images/player/static/m/2121.gif
img94,5,2797,トレッリ,PS,1958,2:4 32:4 50:3 64:4 90:4,1539 3113 1175 1958 2421,https://storage.googleapis.com/rohm-websoccer-info/images/player/static/m/2876.gif
img354,5,2222,フットレ,PS,1780,35:8 50:9 53:8 71:7 103:10,170 914 1214 1262 1519 1711 1780,https://storage.googleapis.com/rohm-websoccer-info/images/player/static/m/2297.gif
img355,5,2641,フットレ,PS,1780,35:8 50:9 53:8 71:7 103:10,170 914 1214 1262 1519 1711 1780,https://storage.googleapis.com/rohm-websoccer-info/images/player/static/m/2699.gif
img316,5,2220,ヘンリ,PS,2173,27:11 32:11 57:11 73:10 87:10,238 1106 1789 2173 1151 677,https://storage.googleapis.com/rohm-websoccer-info/images/player/static/m/2285.gif
img192,5,1679,マリッチ,PS,1364,3:5 38:6 53:7 66:6 78:7,1062 1364 1921,https://storage.googleapis.com/rohm-websoccer-info/images/player/static/m/1763.gif
img193,5,2496,マリッチ,PS,1364,3:5 38:6 53:7 66:6 78:7,1062 1364 1921,https://storage.googleapis.com/rohm-websoccer-info/images/player/static/m/2578.gif
img357,5,1229,マンスーリ,PS,1563,35:9 37:9 46:9 50:11 64:11,1563,https://storage.googleapis.com/rohm-websoccer-info/images/player/static/m/1412.gif
img356,5,1362,マンスーリ,PS,1563,35:9 37:9 46:9 50:11 64:11,1563,https://storage.googleapis.com/rohm-websoccer-info/images/player/static/m/1435.gif
img361,5,1274,ヨハンセン,PS,1351,35:10 38:10 48:11 80:11 90:11,1351,https://storage.googleapis.com/rohm-websoccer-info/images/player/static/m/1403.gif
img381,5,1415,ランフォード,PS,773,38:8 64:7 86:7 94:7 102:6,449 773 1112 2378 2600 2940 883 679,https://storage.googleapis.com/rohm-websoccer-info/images/player/static/m/1512.gif
img380,5,2446,ランフォード,PS,773,38:8 64:7 86:7 94:7 102:6,449 773 1112 2378 2600 2940 883 679,https://storage.googleapis.com/rohm-websoccer-info/images/player/static/m/2506.gif
img242,4,1587,G・フェラー,PS,2336,9:11 43:11 73:10 105:10,1465 2336,https://storage.googleapis.com/rohm-websoccer-info/images/player/static/m/1684.gif
img243,4,2390,G・フェラー,PS,2336,9:11 43:11 73:10 105:10,1465 2336,https://storage.googleapis.com/rohm-websoccer-info/images/player/static/m/2465.gif
img325,4,2190,アドゥ,PS,1641,28:10 48:11 71:11 84:11,455 738 948 1191 1641 2172 885,https://storage.googleapis.com/rohm-websoccer-info/images/player/static/m/2235.gif
img326,4,2438,アドゥ,PS,1641,28:10 48:11 71:11 84:11,455 738 948 1191 1641 2172 885,https://storage.googleapis.com/rohm-websoccer-info/images/player/static/m/2534.gif
img237,4,1525,アリ,PS,3035,8:9 30:10 32:10 42:10,572 3035,https://storage.googleapis.com/rohm-websoccer-info/images/player/static/m/1599.gif
img236,4,1648,アリ,PS,3035,8:9 30:10 32:10 42:10,572 3035,https://storage.googleapis.com/rohm-websoccer-info/images/player/static/m/1730.gif
img274,4,2231,ウォーカー,PS,2601,17:3 38:4 64:3 78:3,454 1356 2601 674 844 1100,https://storage.googleapis.com/rohm-websoccer-info/images/player/static/m/2292.gif
img401,4,1622,カセレス,PS,966,45:10 53:11 55:10 56:10,518 766 966 1888 2098 2415 3109,https://storage.googleapis.com/rohm-websoccer-info/images/player/static/m/1711.gif
img400,4,2037,カセレス,PS,966,45:10 53:11 55:10 56:10,518 766 966 1888 2098 2415 3109,https://storage.googleapis.com/rohm-websoccer-info/images/player/static/m/2114.gif
img48,4,931,カルージャ,PS,1128,1:9 3:9 62:9 86:10,1420 1128,https://storage.googleapis.com/rohm-websoccer-info/images/player/static/m/1049.gif
img488,4,2480,カンデラ,PS,2566,66:10 81:10 89:11 109:11,1027 836 926 2318 2449 2566 2778 3010 662 881 893,https://storage.googleapis.com/rohm-websoccer-info/images/player/static/m/2557.gif
img489,4,3474,カンデラ,PS,2566,66:10 81:10 89:11 109:11,1027 836 926 2318 2449 2566 2778 3010 662 881 893,https://storage.googleapis.com/rohm-websoccer-info/images/player/static/m/3552.gif
img377,4,1681,カートン,PS,1367,38:4 48:3 78:3 90:4,1592 777 1367 1685 1854 2133,https://storage.googleapis.com/rohm-websoccer-info/images/player/static/m/1767.gif
img376,4,2503,カートン,PS,1367,38:4 48:3 78:3 90:4,1592 777 1367 1685 1854 2133,https://storage.googleapis.com/rohm-websoccer-info/images/player/static/m/2579.gif
img169,4,1254,ジェイソン,PS,776,3:2 53:2 59:2 65:2,776,https://storage.googleapis.com/rohm-websoccer-info/images/player/static/m/1382.gif
img168,4,1431,ジェイソン,PS,776,3:2 53:2 59:2 65:2,776,https://storage.googleapis.com/rohm-websoccer-info/images/player/static/m/1515.gif
img315,4,2015,ジエゴ,PS,1339,27:9 50:11 69:9 87:9,1296 1339 1760 1898 2983,https://storage.googleapis.com/rohm-websoccer-info/images/player/static/m/2104.gif
img383,4,1199,テオドロ,PS,958,38:9 77:8 94:9 105:9,1979 803 958 2748,https://storage.googleapis.com/rohm-websoccer-info/images/player/static/m/1304.gif
img382,4,2412,テオドロ,PS,958,38:9 77:8 94:9 105:9,1979 803 958 2748,https://storage.googleapis.com/rohm-websoccer-info/images/player/static/m/2485.gif
img423,4,2690,ドグレル,PS,1847,50:1 52:1 54:1 106:1,1019 764 1369 1847 2148 2667,https://storage.googleapis.com/rohm-websoccer-info/images/player/static/m/2762.gif
img424,4,3288,ドグレル,PS,1847,50:1 52:1 54:1 106:1,1019 764 1369 1847 2148 2667,https://storage.googleapis.com/rohm-websoccer-info/images/player/static/m/3360.gif
img290,4,2242,マテレレ,PS,1791,22:6 38:6 47:7 53:6,253 916 1354 1791,https://storage.googleapis.com/rohm-websoccer-info/images/player/static/m/2302.gif
img289,4,2644,マテレレ,PS,1791,22:6 38:6 47:7 53:6,253 916 1354 1791,https://storage.googleapis.com/rohm-websoccer-info/images/player/static/m/2713.gif
img247,4,1862,マラッツィ,PS,1210,10:4 26:2 45:3 64:4,1210 464,https://storage.googleapis.com/rohm-websoccer-info/images/player/static/m/1938.gif
img246,4,2454,マラッツィ,PS,1210,10:4 26:2 45:3 64:4,1210 464,https://storage.googleapis.com/rohm-websoccer-info/images/player/static/m/2529.gif
img459,4,2440,モウチーニョ,PS,1975,53:7 64:7 69:8 87:7,1701 727 1318 1909 1975 610,https://storage.googleapis.com/rohm-websoccer-info/images/player/static/m/2514.gif
img460,4,2545,モウチーニョ,PS,1975,53:7 64:7 69:8 87:7,1701 727 1318 1909 1975 610,https://storage.googleapis.com/rohm-websoccer-info/images/player/static/m/2619.gif
img360,4,2345,ヨハンセン,PS,1351,35:10 38:10 48:11 80:11,1351,https://storage.googleapis.com/rohm-websoccer-info/images/player/static/m/2420.gif
img406,4,1383,ラファエロ,PS,742,46:10 55:9 55:10 55:11,507 742 1576 1613 1840 2179 2484 2750,https://storage.googleapis.com/rohm-websoccer-info/images/player/static/m/1481.gif
img414,4,2341,ランドフスキ,PS,2341,48:11 49:11 84:11 103:11,698 1092 1322 1455 1768 1864 2000 2028 2341 2345 2440 2643 2723 2828 2848 673 897,https://storage.googleapis.com/rohm-websoccer-info/images/player/static/m/2430.gif
img413,4,3193,ランドフスキ,PS,2341,48:11 49:11 84:11 103:11,698 1092 1322 1455 1768 1864 2000 2028 2341 2345 2440 2643 2723 2828 2848 673 897,https://storage.googleapis.com/rohm-websoccer-info/images/player/static/m/3264.gif
img250,4,2211,ヴィエロ,PS,1790,10:6 65:6 69:8 87:6,254 1375 1790 2374,https://storage.googleapis.com/rohm-websoccer-info/images/player/static/m/2284.gif
img251,4,2634,ヴィエロ,PS,1790,10:6 65:6 69:8 87:6,254 1375 1790 2374,https://storage.googleapis.com/rohm-websoccer-info/images/player/static/m/2712.gif
img410,3,1643,カマラサ,PS,1388,48:8 78:8 78:10,1388 1047,https://storage.googleapis.com/rohm-websoccer-info/images/player/static/m/1731.gif
img409,3,2064,カマラサ,PS,1388,48:8 78:8 78:10,1388 1047,https://storage.googleapis.com/rohm-websoccer-info/images/player/static/m/2109.gif
img495,3,1628,カルデロン,PS,1793,69:7 96:9 109:8,49 2868 1133 1793,https://storage.googleapis.com/rohm-websoccer-info/images/player/static/m/1718.gif
img494,3,2653,カルデロン,PS,1793,69:7 96:9 109:8,49 2868 1133 1793,https://storage.googleapis.com/rohm-websoccer-info/images/player/static/m/2715.gif
img47,3,2459,カルージャ,PS,1128,1:9 3:9 86:10,1420 1128,https://storage.googleapis.com/rohm-websoccer-info/images/player/static/m/2500.gif
img333,3,1209,カーク,PS,940,32:8 87:7 93:7,39 940 853,https://storage.googleapis.com/rohm-websoccer-info/images/player/static/m/1282.gif
img332,3,2207,カーク,PS,940,32:8 87:7 93:7,39 940 853,https://storage.googleapis.com/rohm-websoccer-info/images/player/static/m/2320.gif
img283,3,1757,ガトリン,PS,2079,18:9 36:9 43:8,1491 2079,https://storage.googleapis.com/rohm-websoccer-info/images/player/static/m/1857.gif
img451,3,1882,クラマー,PS,1467,53:4 64:3 96:3,1467,https://storage.googleapis.com/rohm-websoccer-info/images/player/static/m/1963.gif
img452,3,2264,クラマー,PS,1467,53:4 64:3 96:3,1467,https://storage.googleapis.com/rohm-websoccer-info/images/player/static/m/2326.gif
img419,3,1256,クロル,PS,1285,49:8 93:9 96:7,1059 1285,https://storage.googleapis.com/rohm-websoccer-info/images/player/static/m/1374.gif
img420,3,1448,クロル,PS,1285,49:8 93:9 96:7,1059 1285,https://storage.googleapis.com/rohm-websoccer-info/images/player/static/m/1518.gif
img475,3,2057,グリン,PS,2151,64:5 66:4 73:3,769 1886 2151 2161 683 970,https://storage.googleapis.com/rohm-websoccer-info/images/player/static/m/2133.gif
img258,3,1463,シュバイツァー,PS,829,13:7 71:6 90:7,462 829 1086 1515 854 663,https://storage.googleapis.com/rohm-websoccer-info/images/player/static/m/1572.gif
img259,3,2088,シュバイツァー,PS,829,13:7 71:6 90:7,462 829 1086 1515 854 663,https://storage.googleapis.com/rohm-websoccer-info/images/player/static/m/2176.gif
img481,3,1939,スタービレ,PS,1597,64:10 69:9 86:8,1187 1597,https://storage.googleapis.com/rohm-websoccer-info/images/player/static/m/2009.gif
img480,3,1987,スタービレ,PS,1597,64:10 69:9 86:8,1187 1597,https://storage.googleapis.com/rohm-websoccer-info/images/player/static/m/2069.gif
img230,3,1345,ズラタノビッチ,PS,2339,6:10 46:11 78:11,478 1213 1433 1543 2191 2208 2339 2603 720 871 1157,https://storage.googleapis.com/rohm-websoccer-info/images/player/static/m/1456.gif
img229,3,2045,ズラタノビッチ,PS,2339,6:10 46:11 78:11,478 1213 1433 1543 2191 2208 2339 2603 720 871 1157,https://storage.googleapis.com/rohm-websoccer-info/images/player/static/m/2094.gif
img200,3,2151,ターヒュッツ,PS,1506,3:7 38:6 74:7,96 1160 1506 855 1303,https://storage.googleapis.com/rohm-websoccer-info/images/player/static/m/2207.gif
img199,3,2239,ターヒュッツ,PS,1506,3:7 38:6 74:7,96 1160 1506 855 1303,https://storage.googleapis.com/rohm-websoccer-info/images/player/static/m/2312.gif
img107,3,2132,チェルニヒク,PS,1516,2:6 55:6 85:6,1516,https://storage.googleapis.com/rohm-websoccer-info/images/player/static/m/2222.gif
img348,3,1351,トレッリ,PS,1175,35:4 48:3 75:3,1539 3113 1175 1958 2421,https://storage.googleapis.com/rohm-websoccer-info/images/player/static/m/1443.gif
img349,3,2476,トレッリ,PS,1175,35:4 48:3 75:3,1539 3113 1175 1958 2421,https://storage.googleapis.com/rohm-websoccer-info/images/player/static/m/2553.gif
img517,3,2319,ドフレイエ,PS,2334,87:8 103:8 106:10,1223 1580 1850 2334 2425 2669 2850 1346,https://storage.googleapis.com/rohm-websoccer-info/images/player/static/m/2389.gif
img518,3,3190,ドフレイエ,PS,2334,87:8 103:8 106:10,1223 1580 1850 2334 2425 2669 2850 1346,https://storage.googleapis.com/rohm-websoccer-info/images/player/static/m/3260.gif
img156,3,1482,ネグリ,PS,823,3:1 50:1 51:1,823,https://storage.googleapis.com/rohm-websoccer-info/images/player/static/m/1566.gif
img157,3,1551,ネグリ,PS,823,3:1 50:1 51:1,823,https://storage.googleapis.com/rohm-websoccer-info/images/player/static/m/1640.gif
img317,3,1680,フレミー,PS,2587,28:3 94:4 95:3,2587 1063,https://storage.googleapis.com/rohm-websoccer-info/images/player/static/m/1756.gif
img318,3,3497,フレミー,PS,2587,28:3 94:4 95:3,2587 1063,https://storage.googleapis.com/rohm-websoccer-info/images/player/static/m/3570.gif
img299,3,2028,ブルガス,PS,1721,26:6 50:6 65:6,2016 808 960 1721 1897 693 716 1152,https://storage.googleapis.com/rohm-websoccer-info/images/player/static/m/2112.gif
img429,3,2128,ブルガス,PS,1897,50:6 50:7 84:6,2016 808 960 1721 1897 693 716 1152,https://storage.googleapis.com/rohm-websoccer-info/images/player/static/m/2178.gif
img298,3,2395,ブルガス,PS,1721,26:6 50:6 65:6,2016 808 960 1721 1897 693 716 1152,https://storage.googleapis.com/rohm-websoccer-info/images/player/static/m/2444.gif
img430,3,2730,ブルガス,PS,1897,50:6 50:7 84:6,2016 808 960 1721 1897 693 716 1152,https://storage.googleapis.com/rohm-websoccer-info/images/player/static/m/2808.gif
img342,3,2227,ブルゲラ,PS,1783,34:3 44:3 90:2,266 954 1521 1720 1783 2174,https://storage.googleapis.com/rohm-websoccer-info/images/player/static/m/2287.gif
img341,3,2638,ブルゲラ,PS,1783,34:3 44:3 90:2,266 954 1521 1720 1783 2174,https://storage.googleapis.com/rohm-websoccer-info/images/player/static/m/2706.gif
img280,3,1140,ボッシ,PS,1179,17:11 47:11 113:11,1179,https://storage.googleapis.com/rohm-websoccer-info/images/player/static/m/1249.gif
img281,3,2398,ボッシ,PS,1179,17:11 47:11 113:11,1179,https://storage.googleapis.com/rohm-websoccer-info/images/player/static/m/2463.gif
img241,3,927,ボルヘス,PS,1608,9:11 38:10 71:11,1608,https://storage.googleapis.com/rohm-websoccer-info/images/player/static/m/1048.gif
img240,3,1531,ボルヘス,PS,1608,9:11 38:10 71:11,1608,https://storage.googleapis.com/rohm-websoccer-info/images/player/static/m/1618.gif
img323,3,1443,ボールドウィン,PS,772,28:10 59:10 81:11,1061 772,https://storage.googleapis.com/rohm-websoccer-info/images/player/static/m/1511.gif
img324,3,1682,ボールドウィン,PS,772,28:10 59:10 81:11,1061 772,https://storage.googleapis.com/rohm-websoccer-info/images/player/static/m/1755.gif
img408,3,2180,マルシーニョ,PS,1197,48:3 78:4 85:3,492 1197 1642,https://storage.googleapis.com/rohm-websoccer-info/images/player/static/m/2237.gif
img294,3,1505,マルティニ,PS,1475,26:2 28:2 43:2,1203 1475,https://storage.googleapis.com/rohm-websoccer-info/images/player/static/m/1602.gif
img295,3,2268,マルティニ,PS,1475,26:2 28:2 43:2,1203 1475,https://storage.googleapis.com/rohm-websoccer-info/images/player/static/m/2337.gif
img268,3,1207,ミリュコビッチ,PS,1333,14:10 26:11 46:10,1333,https://storage.googleapis.com/rohm-websoccer-info/images/player/static/m/1274.gif
img269,3,2273,ミリュコビッチ,PS,1333,14:10 26:11 46:10,1333,https://storage.googleapis.com/rohm-websoccer-info/images/player/static/m/2369.gif
img55,3,1430,ヤン・フェルメール,PS,2120,1:10 67:10 82:11,632 2120 858,https://storage.googleapis.com/rohm-websoccer-info/images/player/static/m/1519.gif
img56,3,2201,ヤン・フェルメール,PS,2120,1:10 67:10 82:11,632 2120 858,https://storage.googleapis.com/rohm-websoccer-info/images/player/static/m/2251.gif
img386,3,2109,ヨハンセン,PS,1351,38:10 80:11 90:11,1351,https://storage.googleapis.com/rohm-websoccer-info/images/player/static/m/2151.gif
img286,3,1116,ローム,PS,1090,20:2 32:2 71:2,471 831 1090 1453 1512 1706 1998 722 862 670,https://storage.googleapis.com/rohm-websoccer-info/images/player/static/m/1161.gif
img99,2,2119,アウエンミュラー,PS,1963,2:5 80:2,799 1172 1916 1963 700,https://storage.googleapis.com/rohm-websoccer-info/images/player/static/m/2157.gif
img100,2,2807,アウエンミュラー,PS,1963,2:5 80:2,799 1172 1916 1963 700,https://storage.googleapis.com/rohm-websoccer-info/images/player/static/m/2883.gif
img308,2,1213,アグアード,PS,945,27:3 57:2,945,https://storage.googleapis.com/rohm-websoccer-info/images/player/static/m/1302.gif
img309,2,2288,アグアード,PS,945,27:3 57:2,945,https://storage.googleapis.com/rohm-websoccer-info/images/player/static/m/2366.gif
img510,2,1766,アンドロメダ,PS,1598,78:7 81:7,1598,https://storage.googleapis.com/rohm-websoccer-info/images/player/static/m/1852.gif
img509,2,1994,アンドロメダ,PS,1598,78:7 81:7,1598,https://storage.googleapis.com/rohm-websoccer-info/images/player/static/m/2067.gif
img428,2,2173,エルドアン,PS,1656,50:6 112:6,1544 3043 1581 1656 1925 2394 2808 2829,https://storage.googleapis.com/rohm-websoccer-info/images/player/static/m/2260.gif
img427,2,4033,エルドアン,PS,1656,50:6 112:6,1544 3043 1581 1656 1925 2394 2808 2829,https://storage.googleapis.com/rohm-websoccer-info/images/player/static/m/4159.gif
img302,2,1999,カルレロ,PS,1871,26:10 53:11,624 1503 1871 2150,https://storage.googleapis.com/rohm-websoccer-info/images/player/static/m/2064.gif
img303,2,2668,カルレロ,PS,1871,26:10 53:11,624 1503 1871 2150,https://storage.googleapis.com/rohm-websoccer-info/images/player/static/m/2786.gif
img284,2,1535,ガトリン,PS,2079,18:9 43:8,1491 2079,https://storage.googleapis.com/rohm-websoccer-info/images/player/static/m/1601.gif
img441,2,3330,キャベンディッシュ,PS,2709,50:11 80:10,2332 2479 2709,https://storage.googleapis.com/rohm-websoccer-info/images/player/static/m/3381.gif
img442,2,3605,キャベンディッシュ,PS,2709,50:11 80:10,2332 2479 2709,https://storage.googleapis.com/rohm-websoccer-info/images/player/static/m/3668.gif
img221,2,2058,クーベルダン,PS,1535,3:11 60:11,2009 1535 1829 1944 2007 2147 2448 1033,https://storage.googleapis.com/rohm-websoccer-info/images/player/static/m/2134.gif
img468,2,1472,サヴレ,PS,840,60:5 66:5,840 1248 497 1275,https://storage.googleapis.com/rohm-websoccer-info/images/player/static/m/1584.gif
img467,2,2243,サヴレ,PS,840,60:5 66:5,840 1248 497 1275,https://storage.googleapis.com/rohm-websoccer-info/images/player/static/m/2286.gif
img465,2,1785,ジャイロビーニョ,PS,1412,58:9 112:11,699 752 1412 968,https://storage.googleapis.com/rohm-websoccer-info/images/player/static/m/1845.gif
img466,2,2420,ジャイロビーニョ,PS,1412,58:9 112:11,699 752 1412 968,https://storage.googleapis.com/rohm-websoccer-info/images/player/static/m/2521.gif
img461,2,2031,ジルマール,PS,2013,54:10 69:11,517 723 965 1913 2013 2221 2455 2863 3128 1144 665 1101,https://storage.googleapis.com/rohm-websoccer-info/images/player/static/m/2117.gif
img462,2,2852,ジルマール,PS,2013,54:10 69:11,517 723 965 1913 2013 2221 2455 2863 3128 1144 665 1101,https://storage.googleapis.com/rohm-websoccer-info/images/player/static/m/2925.gif
img335,2,1159,スピネージ,PS,1161,33:7 82:8,461 1161,https://storage.googleapis.com/rohm-websoccer-info/images/player/static/m/1245.gif
img336,2,2594,スピネージ,PS,1161,33:7 82:8,461 1161,https://storage.googleapis.com/rohm-websoccer-info/images/player/static/m/2671.gif
img59,2,2358,ズラタノビッチ,PS,2603,1:10 2:10,478 1213 1433 1543 2191 2208 2339 2603 720 871 1157,https://storage.googleapis.com/rohm-websoccer-info/images/player/static/m/2418.gif
img60,2,3516,ズラタノビッチ,PS,2603,1:10 2:10,478 1213 1433 1543 2191 2208 2339 2603 720 871 1157,https://storage.googleapis.com/rohm-websoccer-info/images/player/static/m/3583.gif
img117,2,1603,ゼ・エドゥアルド,PS,1098,2:8 87:7,1098,https://storage.googleapis.com/rohm-websoccer-info/images/player/static/m/1694.gif
img118,2,2436,ゼ・エドゥアルド,PS,1098,2:8 87:7,1098,https://storage.googleapis.com/rohm-websoccer-info/images/player/static/m/2501.gif
img453,2,1696,ダリエン,PS,749,53:7 80:6,749,https://storage.googleapis.com/rohm-websoccer-info/images/player/static/m/1785.gif
img455,2,2177,ダリエン,PS,749,53:7 80:6,749,https://storage.googleapis.com/rohm-websoccer-info/images/player/static/m/2240.gif
img105,2,1594,チェルニヒク,PS,1516,2:6 55:6,1516,https://storage.googleapis.com/rohm-websoccer-info/images/player/static/m/1696.gif
img106,2,2130,チェルニヒク,PS,1516,2:6 85:6,1516,https://storage.googleapis.com/rohm-websoccer-info/images/player/static/m/2182.gif
img522,2,1075,トンプソン,PS,1792,100:11 104:10,620 1792,https://storage.googleapis.com/rohm-websoccer-info/images/player/static/m/1192.gif
img523,2,2636,トンプソン,PS,1792,100:11 104:10,620 1792,https://storage.googleapis.com/rohm-websoccer-info/images/player/static/m/2714.gif
img320,2,1809,ドゥニ,PS,2605,28:4 104:4,2605,https://storage.googleapis.com/rohm-websoccer-info/images/player/static/m/1900.gif
img319,2,3513,ドゥニ,PS,2605,28:4 104:4,2605,https://storage.googleapis.com/rohm-websoccer-info/images/player/static/m/3585.gif
img432,2,2483,ヒカルド,PS,2015,50:7 54:7,1666 1777 1907 2015 2792 2865,https://storage.googleapis.com/rohm-websoccer-info/images/player/static/m/2550.gif
img431,2,2853,ヒカルド,PS,2015,50:7 54:7,1666 1777 1907 2015 2792 2865,https://storage.googleapis.com/rohm-websoccer-info/images/player/static/m/2927.gif
img444,2,1298,ボアス　玲偉,PS,2650,51:3 69:7,628 2650,https://storage.googleapis.com/rohm-websoccer-info/images/player/static/m/1339.gif
img443,2,3550,ボアス　玲偉,PS,2650,51:3 69:7,628 2650,https://storage.googleapis.com/rohm-websoccer-info/images/player/static/m/3627.gif
img457,2,2761,マリッチ,PS,1921,53:7 78:7,1062 1364 1921,https://storage.googleapis.com/rohm-websoccer-info/images/player/static/m/2832.gif
img458,2,3540,マリッチ,PS,1921,53:7 78:7,1062 1364 1921,https://storage.googleapis.com/rohm-websoccer-info/images/player/static/m/3509.gif
img144,2,2218,ミラ,PS,1456,2:11 65:11,477 956 1456 1973 899,https://storage.googleapis.com/rohm-websoccer-info/images/player/static/m/2290.gif
img145,2,2626,ミラ,PS,1456,2:11 65:11,477 956 1456 1973 899,https://storage.googleapis.com/rohm-websoccer-info/images/player/static/m/2708.gif
img151,2,1915,ユリアーノ,PS,2190,2:11 17:11,211 3165 999 2190 872 1302,https://storage.googleapis.com/rohm-websoccer-info/images/player/static/m/1992.gif
img150,2,2263,ユリアーノ,PS,2190,2:11 17:11,211 3165 999 2190 872 1302,https://storage.googleapis.com/rohm-websoccer-info/images/player/static/m/2339.gif
img516,2,1154,ルクス,PS,1167,86:11 90:10,496 1167 1244 2375 1273,https://storage.googleapis.com/rohm-websoccer-info/images/player/static/m/1246.gif
img515,2,2423,ルクス,PS,1167,86:11 90:10,496 1167 1244 2375 1273,https://storage.googleapis.com/rohm-websoccer-info/images/player/static/m/2518.gif
img476,2,2106,ロフスキー,PS,2032,64:8 71:9,1383 2032 249,https://storage.googleapis.com/rohm-websoccer-info/images/player/static/m/2152.gif
img477,2,2871,ロフスキー,PS,2032,64:8 71:9,1383 2032 249,https://storage.googleapis.com/rohm-websoccer-info/images/player/static/m/2942.gif
img524,1,2751,アジッチ,PS,1924,103:2,2295 1769 1924 2524,https://storage.googleapis.com/rohm-websoccer-info/images/player/static/m/2835.gif
img525,1,3299,アジッチ,PS,1924,103:2,2295 1769 1924 2524,https://storage.googleapis.com/rohm-websoccer-info/images/player/static/m/3410.gif
img463,1,2307,アティエンサ,PS,1527,55:3,1665 1527 1575 1834 3157,https://storage.googleapis.com/rohm-websoccer-info/images/player/static/m/2382.gif
img464,1,2363,アティエンサ,PS,1527,55:3,1665 1527 1575 1834 3157,https://storage.googleapis.com/rohm-websoccer-info/images/player/static/m/2414.gif
img535,1,3690,アフマード,PS,2833,109:6,2739 2833,https://storage.googleapis.com/rohm-websoccer-info/images/player/static/m/3763.gif
img534,1,3746,アフマード,PS,2833,109:6,2739 2833,https://storage.googleapis.com/rohm-websoccer-info/images/player/static/m/3814.gif
img529,1,3129,アルマンド・ロペス,PS,2290,105:9,2386 2290,https://storage.googleapis.com/rohm-websoccer-info/images/player/static/m/3202.gif
img528,1,3363,アルマンド・ロペス,PS,2290,105:9,2386 2290,https://storage.googleapis.com/rohm-websoccer-info/images/player/static/m/3431.gif
img506,1,1260,ウォーカー,PS,1356,78:4,454 1356 2601 674 844 1100,https://storage.googleapis.com/rohm-websoccer-info/images/player/static/m/1401.gif
img474,1,2044,ウォーカー,PS,2601,64:3,454 1356 2601 674 844 1100,https://storage.googleapis.com/rohm-websoccer-info/images/player/static/m/2089.gif
img505,1,2501,ウォーカー,PS,1356,78:4,454 1356 2601 674 844 1100,https://storage.googleapis.com/rohm-websoccer-info/images/player/static/m/2576.gif
img531,1,1101,エルコラーニ,PS,1662,105:11,1416 1415 1437 1662 1764,https://storage.googleapis.com/rohm-websoccer-info/images/player/static/m/1197.gif
img530,1,2188,エルコラーニ,PS,1662,105:11,1416 1415 1437 1662 1764,https://storage.googleapis.com/rohm-websoccer-info/images/player/static/m/2267.gif
img532,1,3913,オリバレス,PS,3137,109:2,1594 934 1896 2564 3137,https://storage.googleapis.com/rohm-websoccer-info/images/player/static/m/4031.gif
img533,1,4040,オリバレス,PS,3137,109:2,1594 934 1896 2564 3137,https://storage.googleapis.com/rohm-websoccer-info/images/player/static/m/4164.gif
img482,1,1943,オルテガ,PS,1606,65:9,3134 1606,https://storage.googleapis.com/rohm-websoccer-info/images/player/static/m/2007.gif
img483,1,2000,オルテガ,PS,1606,65:9,3134 1606,https://storage.googleapis.com/rohm-websoccer-info/images/player/static/m/2061.gif
img473,1,1993,カルージャ,PS,1128,62:9,1420 1128,https://storage.googleapis.com/rohm-websoccer-info/images/player/static/m/2072.gif
img519,1,2055,カンデラ,PS,2566,89:11,1027 836 926 2318 2449 2566 2778 3010 662 881 893,https://storage.googleapis.com/rohm-websoccer-info/images/player/static/m/2103.gif
img486,1,2114,カンデラ,PS,2449,66:10,1027 836 926 2318 2449 2566 2778 3010 662 881 893,https://storage.googleapis.com/rohm-websoccer-info/images/player/static/m/2173.gif
img487,1,3296,カンデラ,PS,2449,66:10,1027 836 926 2318 2449 2566 2778 3010 662 881 893,https://storage.googleapis.com/rohm-websoccer-info/images/player/static/m/3406.gif
img521,1,1422,カートン,PS,777,90:4,1592 777 1367 1685 1854 2133,https://storage.googleapis.com/rohm-websoccer-info/images/player/static/m/1516.gif
img520,1,2096,カートン,PS,777,90:4,1592 777 1367 1685 1854 2133,https://storage.googleapis.com/rohm-websoccer-info/images/player/static/m/2170.gif
img370,1,2918,ガトリン,PS,2079,36:9,1491 2079,https://storage.googleapis.com/rohm-websoccer-info/images/player/static/m/2986.gif
img492,1,3536,クレペル,PS,2634,69:2,1753 1865 2003 2634 2695 3106,https://storage.googleapis.com/rohm-websoccer-info/images/player/static/m/3611.gif
img493,1,3724,クレペル,PS,2634,69:2,1753 1865 2003 2634 2695 3106,https://storage.googleapis.com/rohm-websoccer-info/images/player/static/m/3794.gif
img238,1,1387,グレゴリオス,PS,756,9:10,756,https://storage.googleapis.com/rohm-websoccer-info/images/player/static/m/1495.gif
img239,1,2236,グレゴリオス,PS,756,9:10,756,https://storage.googleapis.com/rohm-websoccer-info/images/player/static/m/2313.gif
img500,1,1416,コンセイソン,PS,790,74:5,790 931 1448 523,https://storage.googleapis.com/rohm-websoccer-info/images/player/static/m/1532.gif
img499,1,2115,コンセイソン,PS,790,74:5,790 931 1448 523,https://storage.googleapis.com/rohm-websoccer-info/images/player/static/m/2161.gif
img514,1,2791,ゴリカタ,PS,2309,85:8,1747 2309,https://storage.googleapis.com/rohm-websoccer-info/images/player/static/m/2867.gif
img513,1,3150,ゴリカタ,PS,2309,85:8,1747 2309,https://storage.googleapis.com/rohm-websoccer-info/images/player/static/m/3226.gif
img440,1,2025,サンタマリア,PS,2572,50:9,1003 743 928 1502 1836 2572 2805 3152,https://storage.googleapis.com/rohm-websoccer-info/images/player/static/m/2096.gif
img439,1,4039,サンタマリア,PS,2572,50:9,1003 743 928 1502 1836 2572 2805 3152,https://storage.googleapis.com/rohm-websoccer-info/images/player/static/m/4162.gif
img498,1,2033,セレーゾ,PS,1199,71:1,732 1199,https://storage.googleapis.com/rohm-websoccer-info/images/player/static/m/2135.gif
img496,1,2189,セレーゾ,PS,1199,71:1,732 1199,https://storage.googleapis.com/rohm-websoccer-info/images/player/static/m/2236.gif
img497,1,2422,セレーゾ,PS,1199,71:1,732 1199,https://storage.googleapis.com/rohm-websoccer-info/images/player/static/m/2535.gif
img479,1,1479,ゼット,PS,827,64:10,615 827 1093 2033 653 896 1142,https://storage.googleapis.com/rohm-websoccer-info/images/player/static/m/1570.gif
img478,1,2092,ゼット,PS,827,64:10,615 827 1093 2033 653 896 1142,https://storage.googleapis.com/rohm-websoccer-info/images/player/static/m/2175.gif
img456,1,1394,ダリエン,PS,749,53:7,749,https://storage.googleapis.com/rohm-websoccer-info/images/player/static/m/1488.gif
img454,1,2445,ダリエン,PS,749,53:7,749,https://storage.googleapis.com/rohm-websoccer-info/images/player/static/m/2517.gif
img346,1,1951,デス・ピサロ,PS,2903,34:11,108 1158 2903 2958 904,https://storage.googleapis.com/rohm-websoccer-info/images/player/static/m/2021.gif
img345,1,2455,デス・ピサロ,PS,2903,34:11,108 1158 2903 2958 904,https://storage.googleapis.com/rohm-websoccer-info/images/player/static/m/2531.gif
img438,1,1417,ドナルド,PS,2445,50:9,443 649 925 1246 1714 1758 1891 1957 2445 2475 3153 1102,https://storage.googleapis.com/rohm-websoccer-info/images/player/static/m/1527.gif
img437,1,3289,ドナルド,PS,2445,50:9,443 649 925 1246 1714 1758 1891 1957 2445 2475 3153 1102,https://storage.googleapis.com/rohm-websoccer-info/images/player/static/m/3400.gif
img471,1,1432,ナンテ,PS,786,62:9,786 1245 713,https://storage.googleapis.com/rohm-websoccer-info/images/player/static/m/1528.gif
img472,1,2118,ナンテ,PS,786,62:9,786 1245 713,https://storage.googleapis.com/rohm-websoccer-info/images/player/static/m/2183.gif
img388,1,3071,ハーゲン,PS,2233,38:10,2225 2233 2785 3104,https://storage.googleapis.com/rohm-websoccer-info/images/player/static/m/3146.gif
img387,1,3373,ハーゲン,PS,2233,38:10,2225 2233 2785 3104,https://storage.googleapis.com/rohm-websoccer-info/images/player/static/m/3444.gif
img369,1,1517,バウアー,PS,1810,36:7,248 1095 1810 2598 876,https://storage.googleapis.com/rohm-websoccer-info/images/player/static/m/1590.gif
img368,1,2224,バウアー,PS,1810,36:7,248 1095 1810 2598 876,https://storage.googleapis.com/rohm-websoccer-info/images/player/static/m/2279.gif
img447,1,1731,バラッティ,PS,1993,51:7,1424 1993,https://storage.googleapis.com/rohm-websoccer-info/images/player/static/m/1825.gif
img448,1,2124,バラッティ,PS,1993,51:7,1424 1993,https://storage.googleapis.com/rohm-websoccer-info/images/player/static/m/2167.gif
img503,1,1363,ビアジーニ,PS,1176,78:4,1671 821 1176,https://storage.googleapis.com/rohm-websoccer-info/images/player/static/m/1442.gif
img504,1,2482,ビアジーニ,PS,1176,78:4,1671 821 1176,https://storage.googleapis.com/rohm-websoccer-info/images/player/static/m/2552.gif
img526,1,3064,ビジャベルデ,PS,2319,103:7,2869 2319 2686,https://storage.googleapis.com/rohm-websoccer-info/images/player/static/m/3142.gif
img527,1,3166,ビジャベルデ,PS,2319,103:7,2869 2319 2686,https://storage.googleapis.com/rohm-websoccer-info/images/player/static/m/3240.gif
img507,1,2733,フロート,PS,1928,78:6,1020 828 936 1083 1928 2914 2926 666,https://storage.googleapis.com/rohm-websoccer-info/images/player/static/m/2839.gif
img508,1,3291,フロート,PS,1928,78:6,1020 828 936 1083 1928 2914 2926 666,https://storage.googleapis.com/rohm-websoccer-info/images/player/static/m/3413.gif
img511,1,2448,ベック,PS,2909,78:8,180 1110 1336 1438 1815 2534 2602 2909 880,https://storage.googleapis.com/rohm-websoccer-info/images/player/static/m/2510.gif
img512,1,2591,ベック,PS,2909,78:8,180 1110 1336 1438 1815 2534 2602 2909 880,https://storage.googleapis.com/rohm-websoccer-info/images/player/static/m/2678.gif
img195,1,2020,ベッテル,PS,2751,3:5,1054 761 2035 2751,https://storage.googleapis.com/rohm-websoccer-info/images/player/static/m/2139.gif
img194,1,3641,ベッテル,PS,2751,3:5,1054 761 2035 2751,https://storage.googleapis.com/rohm-websoccer-info/images/player/static/m/3713.gif
img538,1,1530,ボッシ,PS,1179,113:11,1179,https://storage.googleapis.com/rohm-websoccer-info/images/player/static/m/1605.gif
img425,1,3761,マリテレス,PS,2852,50:1,3032 2852,https://storage.googleapis.com/rohm-websoccer-info/images/player/static/m/3835.gif
img426,1,3953,マリテレス,PS,2852,50:1,3032 2852,https://storage.googleapis.com/rohm-websoccer-info/images/player/static/m/4033.gif
img502,1,1495,マルコリーニ,PS,820,75:4,820 1174 500,https://storage.googleapis.com/rohm-websoccer-info/images/player/static/m/1563.gif
img501,1,2238,マルコリーニ,PS,820,75:4,820 1174 500,https://storage.googleapis.com/rohm-websoccer-info/images/player/static/m/2283.gif
img393,1,1931,ミラン,PS,1611,43:2,1611,https://storage.googleapis.com/rohm-websoccer-info/images/player/static/m/2015.gif
img392,1,2068,ミラン,PS,1611,43:2,1611,https://storage.googleapis.com/rohm-websoccer-info/images/player/static/m/2136.gif
img470,1,1372,モウチーニョ,PS,727,62:6,1701 727 1318 1909 1975 610,https://storage.googleapis.com/rohm-websoccer-info/images/player/static/m/1466.gif
img469,1,3016,モウチーニョ,PS,727,62:6,1701 727 1318 1909 1975 610,https://storage.googleapis.com/rohm-websoccer-info/images/player/static/m/3094.gif
img536,1,3077,ラファイエット,PS,2242,112:10,2629 2242,https://storage.googleapis.com/rohm-websoccer-info/images/player/static/m/3155.gif
img537,1,3637,ラファイエット,PS,2242,112:10,2629 2242,https://storage.googleapis.com/rohm-websoccer-info/images/player/static/m/3710.gif
img210,1,2921,ルイーズ,PS,2091,3:9,2091,https://storage.googleapis.com/rohm-websoccer-info/images/player/static/m/2996.gif
img209,1,3221,ルイーズ,PS,2091,3:9,2091,https://storage.googleapis.com/rohm-websoccer-info/images/player/static/m/3292.gif
img338,1,1040,堀口　祐樹,CM,1622,33:10,2257 1622,https://storage.googleapis.com/rohm-websoccer-info/images/player/static/m/0724.gif
img337,1,2364,堀口　祐樹,CM,1622,33:10,2257 1622,https://storage.googleapis.com/rohm-websoccer-info/images/player/static/m/2472.gif
img416,1,1282,山岡　陽一,PS,2592,49:1,2592 482,https://storage.googleapis.com/rohm-websoccer-info/images/player/static/m/1324.gif
img415,1,3500,山岡　陽一,PS,2592,49:1,2592 482,https://storage.googleapis.com/rohm-websoccer-info/images/player/static/m/3574.gif
img421,1,1287,滝川　雅司,PS,2155,49:8,2155 495 901 1427,https://storage.googleapis.com/rohm-websoccer-info/images/player/static/m/1329.gif
img422,1,2985,滝川　雅司,PS,2155,49:8,2155 495 901 1427,https://storage.googleapis.com/rohm-websoccer-info/images/player/static/m/3060.gif
img417,1,1301,雨宮　孝洋,PS,3030,49:7,3030 499,https://storage.googleapis.com/rohm-websoccer-info/images/player/static/m/1330.gif
img418,1,1645,雨宮　孝洋,PS,3030,49:7,3030 499,https://storage.googleapis.com/rohm-websoccer-info/images/player/static/m/1728.gif
